GROUP_SET,GROUP_ID,GROUP_NAME,TEAM_ID,TEAM_ABBREVIATION,GP,W,L,W_PCT,MIN,FGM,FGA,FG_PCT,FG3M,FG3A,FG3_PCT,FTM,FTA,FT_PCT,OREB,DREB,REB,AST,TOV,STL,BLK,BLKA,PF,PFD,PTS,PLUS_MINUS,GP_RANK,W_RANK,L_RANK,W_PCT_RANK,MIN_RANK,FGM_RANK,FGA_RANK,FG_PCT_RANK,FG3M_RANK,FG3A_RANK,FG3_PCT_RANK,FTM_RANK,FTA_RANK,FT_PCT_RANK,OREB_RANK,DREB_RANK,REB_RANK,AST_RANK,TOV_RANK,STL_RANK,BLK_RANK,BLKA_RANK,PF_RANK,PFD_RANK,PTS_RANK,PLUS_MINUS_RANK,SUM_TIME_PLAYED
Lineups,-1630170-1642264-,D. Vassell - S. Castle,1610612759,SAS,20,12,8,0.6,525.291667,431,934,0.461,134,377,0.355,236,288,0.819,122,393,515,268,164.0,104,80,49,245,259,1232,104.0,1,17,1128,283,2,2,2,435,4,3,457,1,3,310,2,1,1,1,1178,1,1,1176,1181,2,2,18,1575875
Lineups,-1641705-1642264-,V. Wembanyama - S. Castle,1610612759,SAS,19,11,8,0.579,469.185,382,825,0.463,135,374,0.361,199,243,0.819,111,350,461,246,141.0,75,69,43,195,231,1098,124.0,17,43,1128,325,5,7,4,422,2,4,432,7,7,311,5,3,3,5,1175,16,6,1170,1177,5,5,11,1407555
Lineups,-1630577-1641705-,J. Champagnie - V. Wembanyama,1610612759,SAS,19,11,8,0.579,460.298333,384,818,0.469,135,380,0.355,192,235,0.817,102,337,439,237,131.0,71,70,37,173,222,1095,147.0,17,43,1128,325,7,6,5,376,2,2,458,8,9,319,11,5,5,6,1171,23,4,1145,1165,7,6,8,1380895
Lineups,-1630170-1641705-,D. Vassell - V. Wembanyama,1610612759,SAS,19,11,8,0.579,454.156667,371,806,0.46,123,346,0.355,207,246,0.841,106,344,450,234,134.0,82,74,39,205,220,1072,170.0,17,43,1128,325,8,9,6,446,7,9,456,4,6,258,9,4,4,8,1174,7,2,1154,1178,8,8,2,1362470
Lineups,-1630577-1642264-,J. Champagnie - S. Castle,1610612759,SAS,20,12,8,0.6,450.066667,369,796,0.464,128,360,0.356,181,216,0.838,97,324,421,228,132.0,77,70,38,180,212,1047,78.0,1,17,1128,283,9,10,9,419,6,8,454,10,18,263,15,6,7,10,1172,14,4,1148,1170,10,10,32,1350200
Lineups,-1628969-1628973-,M. Bridges - J. Brunson,1610612752,NYK,16,14,2,0.875,447.133333,402,787,0.511,121,300,0.403,179,224,0.799,84,308,392,253,119.0,88,37,42,181,214,1104,151.0,60,1,366,116,10,3,10,155,10,15,244,12,12,388,26,8,13,2,1165,3,31,1166,1171,9,4,6,1341400
Lineups,-1628404-1628973-,J. Hart - J. Brunson,1610612752,NYK,16,14,2,0.875,440.378333,393,783,0.502,122,311,0.392,177,219,0.808,88,307,395,247,116.0,85,41,38,184,199,1085,148.0,60,1,366,116,11,5,12,179,9,14,312,14,15,338,22,9,11,4,1163,6,26,1148,1173,12,7,7,1321135
Lineups,-1628368-1630170-,D. Fox - D. Vassell,1610612759,SAS,18,11,7,0.611,432.326667,367,803,0.457,111,312,0.356,190,234,0.812,108,313,421,226,112.0,80,69,40,208,197,1035,118.0,23,43,1082,273,12,11,7,476,14,13,453,9,10,331,7,7,7,11,1160,10,6,1160,1179,13,12,14,1296980
Lineups,-1628368-1630577-,D. Fox - J. Champagnie,1610612759,SAS,18,11,7,0.611,422.941667,358,764,0.469,114,318,0.358,176,218,0.807,88,297,385,210,110.0,72,68,38,166,200,1006,109.0,23,43,1082,273,13,14,13,382,13,10,439,15,17,343,22,14,16,19,1158,21,8,1148,1161,11,14,17,1268825
Lineups,-1628368-1641705-,D. Fox - V. Wembanyama,1610612759,SAS,17,10,7,0.588,413.963333,354,738,0.48,110,314,0.35,176,219,0.804,83,303,386,216,110.0,66,62,34,172,194,994,142.0,48,86,1082,321,14,16,15,320,15,12,484,15,15,351,28,10,15,16,1158,30,9,1135,1164,14,15,10,1241890
Lineups,-1628384-1628973-,O. Anunoby - J. Brunson,1610612752,NYK,14,12,2,0.857,408.143333,365,707,0.516,104,264,0.394,173,216,0.801,69,283,352,223,113.0,81,36,43,173,183,1007,144.0,104,17,366,135,16,12,17,141,18,24,306,18,18,359,41,16,21,13,1161,8,35,1170,1165,17,13,9,1224430
Lineups,-1630170-1630577-,D. Vassell - J. Champagnie,1610612759,SAS,20,12,8,0.6,407.175,344,742,0.464,117,318,0.368,172,201,0.856,92,300,392,212,114.0,75,73,39,174,191,977,120.0,1,17,1128,283,17,18,14,417,11,10,406,19,23,237,19,11,13,17,1162,16,3,1154,1168,15,17,13,1221525
Lineups,-1626157-1628973-,K. Towns - J. Brunson,1610612752,NYK,16,14,2,0.875,396.725,358,712,0.503,110,284,0.387,158,186,0.849,69,276,345,233,98.0,74,41,44,165,175,984,167.0,60,1,366,116,18,14,16,176,15,17,323,21,28,245,41,18,22,9,1144,19,26,1173,1160,22,16,3,1190175
Lineups,-1628404-1628969-,J. Hart - M. Bridges,1610612752,NYK,16,14,2,0.875,388.88,344,683,0.504,101,267,0.378,147,183,0.803,70,271,341,223,102.0,80,37,33,157,175,936,97.0,60,1,366,116,19,18,20,173,19,23,350,27,30,353,39,20,23,13,1147,10,31,1132,1157,22,19,23,1166640
Lineups,-1626157-1628404-,K. Towns - J. Hart,1610612752,NYK,16,14,2,0.875,388.665,352,703,0.501,101,276,0.366,139,168,0.827,71,282,353,235,94.0,74,42,35,158,164,944,152.0,60,1,366,116,20,17,19,180,19,19,411,34,39,293,38,17,20,7,1135,19,25,1138,1158,26,18,5,1165995
Lineups,-1626157-1628969-,K. Towns - M. Bridges,1610612752,NYK,16,14,2,0.875,380.093333,343,679,0.505,107,268,0.399,143,172,0.831,70,269,339,225,95.0,78,37,40,150,172,936,155.0,60,1,366,116,23,20,21,171,17,22,293,32,36,284,39,21,24,12,1137,13,31,1160,1152,24,19,4,1140280
Lineups,-1628368-1642264-,D. Fox - S. Castle,1610612759,SAS,18,11,7,0.611,355.226667,294,632,0.465,90,257,0.35,148,184,0.804,74,248,322,181,96.0,63,51,32,150,169,826,45.0,23,43,1082,273,29,26,28,407,27,25,486,26,29,349,35,25,26,25,1140,33,14,1130,1152,25,28,50,1065680
Lineups,-1626157-1628384-,K. Towns - O. Anunoby,1610612752,NYK,14,12,2,0.857,354.558333,322,627,0.514,99,246,0.402,147,173,0.85,52,252,304,208,91.0,77,33,41,142,157,890,174.0,104,17,366,135,31,22,29,151,22,29,245,27,34,244,83,24,34,20,1132,14,42,1163,1147,33,22,1,1063675
Lineups,-1628384-1628969-,O. Anunoby - M. Bridges,1610612752,NYK,14,12,2,0.857,347.736667,309,595,0.519,90,225,0.4,135,167,0.808,49,239,288,202,95.0,79,31,36,139,158,843,100.0,104,17,366,135,33,24,34,134,27,40,246,36,41,337,93,27,38,21,1137,12,47,1141,1145,32,25,22,1043210
Lineups,-1630170-1642844-,D. Vassell - D. Harper,1610612759,SAS,20,12,8,0.6,342.148333,279,622,0.449,79,234,0.338,181,222,0.815,95,261,356,167,107.0,67,48,35,178,180,818,102.0,1,17,1128,283,34,34,30,539,41,35,549,10,13,322,16,22,18,30,1155,28,18,1138,1169,21,30,21,1026445
Lineups,-1628384-1628404-,O. Anunoby - J. Hart,1610612752,NYK,14,12,2,0.857,316.581667,283,550,0.515,81,212,0.382,125,150,0.833,48,223,271,181,86.0,68,31,31,127,131,772,85.0,104,17,366,135,41,33,41,148,39,47,339,44,52,265,96,36,45,25,1125,26,47,1122,1131,49,35,26,949745
Lineups,-1641705-1642844-,V. Wembanyama - D. Harper,1610612759,SAS,19,11,8,0.579,304.013333,245,523,0.468,78,228,0.342,147,183,0.803,77,231,308,145,97.0,41,43,29,128,160,715,104.0,17,43,1128,325,45,42,46,383,42,38,523,27,30,353,32,29,32,45,1142,71,23,1114,1132,31,40,18,912040
Lineups,-1642264-1642844-,S. Castle - D. Harper,1610612759,SAS,20,12,8,0.6,288.32,228,496,0.46,75,207,0.362,138,175,0.789,73,226,299,143,103.0,52,39,28,131,151,669,65.0,1,17,1128,283,53,55,53,450,47,49,427,35,33,418,36,33,35,47,1148,42,29,1107,1135,39,48,37,864960
Lineups,-1630577-1642844-,J. Champagnie - D. Harper,1610612759,SAS,20,12,8,0.6,279.716667,241,499,0.483,83,216,0.384,118,147,0.803,69,198,267,133,84.0,46,47,28,105,130,683,93.0,1,17,1128,283,55,43,52,304,35,45,336,50,54,355,41,45,48,58,1122,55,19,1107,1102,52,45,24,839150
Lineups,-1629640-1642844-,K. Johnson - D. Harper,1610612759,SAS,20,12,8,0.6,263.495,221,487,0.454,70,187,0.374,135,172,0.785,75,193,268,130,74.0,51,35,28,118,125,647,83.0,1,17,1128,283,64,61,57,499,53,55,375,36,36,433,34,51,47,60,1111,45,38,1107,1122,57,55,29,790485
Lineups,-1628368-1642844-,D. Fox - D. Harper,1610612759,SAS,18,11,7,0.611,230.436667,197,421,0.468,53,150,0.353,112,146,0.767,58,163,221,106,61.0,39,34,23,111,110,559,76.0,23,43,1082,273,75,72,70,386,84,83,466,54,56,482,68,72,72,82,1082,84,40,1086,1114,69,69,33,691310
Lineups,-1628436-1630170-,L. Kornet - D. Vassell,1610612759,SAS,20,12,8,0.6,217.448333,186,411,0.453,45,131,0.344,97,123,0.789,62,160,222,107,67.0,43,29,23,122,100,514,-19.0,1,17,1128,283,81,76,76,508,115,119,514,75,77,417,59,73,71,81,1099,63,54,1086,1127,85,77,1014,652345
Lineups,-1628973-1630540-,J. Brunson - M. McBride,1610612752,NYK,16,14,2,0.875,215.516667,202,389,0.519,69,157,0.439,105,140,0.75,61,147,208,118,57.0,31,20,16,101,108,578,123.0,60,1,366,116,83,68,82,135,55,78,156,69,62,525,61,82,80,72,1069,122,111,1005,1089,75,67,12,646550
Lineups,-1629640-1630170-,K. Johnson - D. Vassell,1610612759,SAS,20,12,8,0.6,211.03,160,383,0.418,43,134,0.321,111,140,0.793,67,149,216,98,72.0,42,23,20,114,108,474,-7.0,1,17,1128,283,92,100,84,727,125,111,674,57,62,396,47,80,75,103,1107,67,85,1059,1118,75,88,823,633090
Lineups,-1629640-1641705-,K. Johnson - V. Wembanyama,1610612759,SAS,19,11,8,0.579,209.035,165,369,0.447,54,158,0.342,107,135,0.793,57,152,209,106,62.0,30,22,25,92,105,491,17.0,17,43,1128,325,95,93,93,551,82,76,526,64,67,399,72,78,79,82,1085,127,95,1095,1074,78,84,124,627105
Lineups,-1629640-1642264-,K. Johnson - S. Castle,1610612759,SAS,20,12,8,0.6,203.145,158,366,0.432,45,142,0.317,85,113,0.752,54,140,194,103,66.0,33,17,22,98,97,446,-41.0,1,17,1128,283,101,104,95,643,115,98,688,94,88,524,80,86,85,88,1097,110,141,1073,1084,90,102,1126,609435
Lineups,-1628436-1642844-,L. Kornet - D. Harper,1610612759,SAS,20,12,8,0.6,180.228333,155,346,0.448,43,116,0.371,79,103,0.767,47,136,183,88,54.0,44,25,19,95,82,432,31.0,1,17,1128,283,125,108,107,545,125,142,385,103,101,483,101,91,91,127,1059,61,75,1048,1080,120,109,81,540685
Lineups,-1628436-1642264-,L. Kornet - S. Castle,1610612759,SAS,20,12,8,0.6,178.753333,146,324,0.451,32,100,0.32,80,102,0.784,44,127,171,81,59.0,40,23,17,87,88,404,-30.0,1,17,1128,283,128,119,123,527,204,183,679,102,106,435,117,103,102,143,1075,80,85,1017,1065,106,123,1091,536260
Lineups,-1628404-1630540-,J. Hart - M. McBride,1610612752,NYK,16,14,2,0.875,173.958333,164,324,0.506,57,143,0.399,63,80,0.788,46,124,170,99,45.0,28,18,12,85,74,448,104.0,60,1,366,116,135,95,123,167,73,96,294,149,147,420,106,107,103,100,1025,137,130,924,1063,141,99,18,521875
Lineups,-1628368-1629640-,D. Fox - K. Johnson,1610612759,SAS,18,11,7,0.611,167.166667,129,303,0.426,41,116,0.353,89,112,0.795,47,106,153,75,47.0,28,25,18,75,74,388,-5.0,23,43,1082,273,144,150,139,689,138,142,465,87,90,390,101,145,129,162,1037,137,75,1034,1040,141,133,753,501500
Lineups,-1628973-1629011-,J. Brunson - M. Robinson,1610612752,NYK,15,13,2,0.867,163.5,148,281,0.527,43,95,0.453,69,107,0.645,42,115,157,77,47.0,25,8,8,84,95,408,42.0,76,11,366,129,147,117,157,119,125,201,131,126,97,846,126,125,118,157,1037,152,330,814,1059,98,121,56,490500
Lineups,-1628368-1628436-,D. Fox - L. Kornet,1610612759,SAS,18,11,7,0.611,158.85,126,294,0.429,34,96,0.354,70,91,0.769,45,107,152,73,49.0,31,23,17,84,75,356,-18.0,23,43,1082,273,155,154,147,659,188,197,462,124,119,473,111,142,130,167,1041,122,85,1017,1059,136,153,1005,476550
Lineups,-1626157-1630540-,K. Towns - M. McBride,1610612752,NYK,16,14,2,0.875,156.418333,147,295,0.498,50,132,0.379,59,66,0.894,35,121,156,97,37.0,25,19,16,79,66,403,111.0,60,1,366,116,158,118,146,249,96,115,347,166,207,162,161,113,124,106,971,152,117,1005,1050,179,124,15,469255
Lineups,-1629640-1630577-,K. Johnson - J. Champagnie,1610612759,SAS,20,12,8,0.6,146.578333,115,261,0.441,45,122,0.369,58,76,0.763,35,95,130,70,45.0,22,15,12,62,55,333,-25.0,1,17,1128,283,171,176,167,590,115,131,399,173,162,493,161,171,165,178,1025,178,164,924,984,227,170,1061,439735
Lineups,-1628973-1629013-,J. Brunson - L. Shamet,1610612752,NYK,12,11,1,0.917,143.258333,121,245,0.494,39,89,0.438,71,93,0.763,29,106,135,74,38.0,29,5,11,63,83,352,62.0,155,43,102,102,177,163,184,259,147,221,161,121,117,492,201,145,156,166,979,132,427,892,989,118,155,39,429775
Lineups,-1628384-1630540-,O. Anunoby - M. McBride,1610612752,NYK,14,12,2,0.857,135.548333,122,241,0.506,38,95,0.4,60,74,0.811,34,96,130,67,41.0,21,15,16,80,52,342,57.0,104,17,366,135,186,161,189,166,157,201,246,160,176,333,168,165,165,188,996,187,164,1005,1051,241,160,42,406645
Lineups,-1628436-1630577-,L. Kornet - J. Champagnie,1610612759,SAS,20,12,8,0.6,134.715,111,241,0.461,35,83,0.422,52,64,0.813,30,98,128,63,46.0,29,24,15,65,60,309,-15.0,1,17,1128,283,191,188,189,442,180,236,198,198,220,327,194,160,167,201,1033,132,78,987,1004,203,188,973,404145
Lineups,-1629011-1630540-,M. Robinson - M. McBride,1610612752,NYK,15,13,2,0.867,132.118333,118,232,0.509,36,86,0.419,55,87,0.632,43,83,126,62,36.0,20,10,5,61,65,327,44.0,76,11,366,129,196,171,202,164,168,231,206,184,127,862,124,197,168,205,960,198,279,703,979,184,177,51,396355
Lineups,-1628969-1629011-,M. Bridges - M. Robinson,1610612752,NYK,15,13,2,0.867,127.966667,114,219,0.521,32,73,0.438,45,65,0.692,31,90,121,64,42.0,22,6,8,56,69,305,28.0,76,11,366,129,208,180,217,130,204,264,159,237,211,739,188,178,180,197,1003,178,387,814,954,167,191,86,383900
Lineups,-203084-1641705-,H. Barnes - V. Wembanyama,1610612759,SAS,18,11,7,0.611,126.893333,102,213,0.479,33,96,0.344,64,80,0.8,34,87,121,68,42.0,16,20,7,49,79,301,44.0,23,43,1082,273,212,202,228,322,194,197,511,140,147,360,168,185,180,184,1003,260,111,790,908,128,194,51,380680
Lineups,-1628969-1630540-,M. Bridges - M. McBride,1610612752,NYK,16,14,2,0.875,119.353333,109,213,0.512,40,94,0.426,38,49,0.776,35,81,116,73,33.0,18,11,6,52,51,296,47.0,60,1,366,116,227,191,228,154,142,206,195,271,275,464,161,204,191,167,933,225,251,752,928,244,198,47,358060
Lineups,-1628969-1629013-,M. Bridges - L. Shamet,1610612752,NYK,11,10,1,0.909,118.738333,101,201,0.502,32,73,0.438,55,71,0.775,26,92,118,60,31.0,26,5,11,47,69,289,68.0,174,86,102,103,229,206,241,178,204,264,159,184,188,466,225,174,187,215,914,148,427,892,898,167,201,36,356215
Lineups,-1628436-1629640-,L. Kornet - K. Johnson,1610612759,SAS,20,12,8,0.6,112.178333,85,215,0.395,20,66,0.303,52,67,0.776,36,74,110,44,35.0,27,11,8,54,51,242,-23.0,1,17,1128,283,248,258,222,838,318,285,732,198,203,463,154,229,210,292,954,143,251,814,941,244,257,1047,336535
Lineups,-203084-1642264-,H. Barnes - S. Castle,1610612759,SAS,19,11,8,0.579,111.155,87,194,0.448,22,75,0.293,51,64,0.797,34,73,107,51,36.0,18,16,8,39,67,247,6.0,17,43,1128,325,251,248,248,540,291,255,772,205,220,389,168,231,215,254,960,225,153,814,851,173,249,247,333465
Lineups,-1626157-1629013-,K. Towns - L. Shamet,1610612752,NYK,11,9,2,0.818,109.915,103,208,0.495,35,93,0.376,41,50,0.82,21,85,106,66,21.0,20,9,12,55,54,282,84.0,174,108,366,159,256,201,234,254,180,208,355,258,270,308,282,193,218,190,817,198,305,924,949,233,208,27,329745
Lineups,-1628384-1629013-,O. Anunoby - L. Shamet,1610612752,NYK,12,10,2,0.833,107.84,87,177,0.492,27,65,0.415,49,64,0.766,15,80,95,49,31.0,21,6,11,51,59,250,27.0,155,86,366,154,259,248,268,267,243,289,217,215,220,488,384,207,248,261,914,187,387,892,916,208,242,91,323520
Lineups,-1629013-1630540-,L. Shamet - M. McBride,1610612752,NYK,14,12,2,0.857,106.846667,92,191,0.482,31,84,0.369,35,49,0.714,24,75,99,58,26.0,14,11,5,57,47,250,28.0,104,17,366,135,260,236,255,310,217,235,397,296,275,677,246,225,237,220,874,295,251,703,959,269,242,86,320540
Lineups,-1628404-1629011-,J. Hart - M. Robinson,1610612752,NYK,15,13,2,0.867,102.178333,95,178,0.534,31,67,0.463,40,60,0.667,25,75,100,47,34.0,19,5,6,54,58,261,40.0,76,11,366,129,268,224,266,110,217,277,115,261,232,781,233,225,235,275,942,212,427,752,941,214,232,60,306535
Lineups,-203084-1628368-,H. Barnes - D. Fox,1610612759,SAS,16,10,6,0.625,101.055,87,183,0.475,20,67,0.299,44,60,0.733,31,66,97,51,27.0,14,13,8,36,57,238,26.0,60,86,1035,265,271,248,264,348,318,277,753,239,232,620,188,264,242,254,882,295,208,814,828,218,262,95,303165
Lineups,-1642844-1642868-,D. Harper - C. Bryant,1610612759,SAS,18,11,7,0.611,97.71,88,174,0.506,29,76,0.382,23,36,0.639,25,85,110,58,30.0,11,14,5,63,29,228,27.0,23,43,1082,273,276,247,270,168,232,252,341,387,357,852,233,193,210,220,907,360,189,703,989,379,270,91,293130
Lineups,-203903-1630540-,J. Clarkson - M. McBride,1610612752,NYK,13,11,2,0.846,95.926667,82,166,0.494,22,63,0.349,58,86,0.674,27,66,93,39,24.0,11,8,10,57,54,244,46.0,128,43,366,147,279,268,285,258,291,295,490,173,130,773,213,264,254,334,852,360,330,870,959,233,254,48,287780
Lineups,-203903-1628973-,J. Clarkson - J. Brunson,1610612752,NYK,13,11,2,0.846,91.481667,85,167,0.509,20,55,0.364,50,76,0.658,30,68,98,39,24.0,9,7,8,54,55,240,43.0,128,43,366,147,286,258,283,162,318,331,417,210,162,833,194,254,239,334,852,413,358,814,941,227,261,53,274445
Lineups,-1628384-1629011-,O. Anunoby - M. Robinson,1610612752,NYK,13,11,2,0.846,91.085,74,147,0.503,19,49,0.388,31,48,0.646,21,66,87,40,32.0,14,10,5,52,41,198,-11.0,128,43,366,147,287,289,325,174,333,365,322,324,280,845,282,264,264,327,921,295,279,703,928,299,300,914,273255
Lineups,-1628368-1642868-,D. Fox - C. Bryant,1610612759,SAS,16,10,6,0.625,90.796667,76,154,0.494,31,70,0.443,31,44,0.705,18,73,91,54,28.0,7,15,6,54,32,214,5.0,60,86,1035,265,289,284,307,261,217,269,152,324,307,722,327,231,256,239,894,465,164,752,941,357,282,287,272390
Lineups,-1626157-1630631-,K. Towns - J. Alvarado,1610612752,NYK,15,13,2,0.867,89.171667,83,168,0.494,25,67,0.373,32,42,0.762,22,77,99,54,23.0,23,6,8,40,45,223,69.0,76,11,366,129,294,265,279,257,261,277,377,317,320,496,263,219,237,239,841,169,387,814,854,277,273,34,267515
Lineups,-203084-1630577-,H. Barnes - J. Champagnie,1610612759,SAS,18,11,7,0.611,89.155,68,148,0.459,23,67,0.343,45,57,0.789,22,61,83,40,33.0,10,15,6,33,56,204,2.0,23,43,1082,273,295,306,322,453,279,277,515,237,240,410,263,288,282,327,933,380,164,752,802,223,289,399,267465
Lineups,-203084-1642844-,H. Barnes - D. Harper,1610612759,SAS,20,12,8,0.6,88.165,75,153,0.49,21,62,0.339,31,44,0.705,20,60,80,45,28.0,12,15,8,33,51,202,13.0,1,17,1128,283,300,285,310,272,302,299,544,324,307,722,298,290,297,287,894,333,164,814,802,244,292,147,264495
Lineups,-1629011-1629013-,M. Robinson - L. Shamet,1610612752,NYK,11,10,1,0.909,87.943333,72,144,0.5,23,45,0.511,30,47,0.638,21,58,79,41,27.0,12,4,3,43,41,197,-4.0,174,86,102,103,301,300,327,181,279,389,49,331,289,853,282,300,298,318,882,333,484,558,877,299,302,710,263830
Lineups,-1628404-1629013-,J. Hart - L. Shamet,1610612752,NYK,13,11,2,0.846,85.32,68,143,0.476,21,56,0.375,37,47,0.787,19,63,82,47,18.0,20,5,5,46,39,194,22.0,128,43,366,147,307,306,328,346,302,327,356,278,289,421,316,278,287,275,776,198,427,703,892,316,307,111,255960
Lineups,-203903-1629011-,J. Clarkson - M. Robinson,1610612752,NYK,14,12,2,0.857,79.735,71,136,0.522,17,46,0.37,37,63,0.587,24,60,84,31,19.0,9,7,5,49,45,196,41.0,104,17,366,135,331,302,340,128,356,381,392,278,224,914,246,290,278,383,799,413,358,703,908,277,303,58,239205
Lineups,-1630170-1642868-,D. Vassell - C. Bryant,1610612759,SAS,17,10,7,0.588,78.198333,68,137,0.496,25,56,0.446,24,32,0.75,19,63,82,49,30.0,8,16,3,62,22,185,-14.0,48,86,1082,321,337,306,339,251,261,327,137,379,382,525,316,278,287,261,907,435,153,558,984,450,318,967,234595
Lineups,-1642264-1642868-,S. Castle - C. Bryant,1610612759,SAS,16,11,5,0.688,73.94,64,122,0.525,19,51,0.373,30,43,0.698,18,55,73,43,32.0,10,11,3,50,33,177,-16.0,60,43,980,235,354,331,371,124,333,352,380,331,315,736,327,317,319,299,921,380,251,558,910,349,332,986,221820
Lineups,-203903-1628384-,J. Clarkson - O. Anunoby,1610612752,NYK,10,8,2,0.8,71.85,60,120,0.5,17,41,0.415,42,54,0.778,20,51,71,29,21.0,12,10,9,48,42,179,32.0,209,122,366,165,362,345,375,181,356,414,220,248,254,451,298,336,326,400,817,333,279,847,902,293,330,79,215550
Lineups,-1629013-1630631-,L. Shamet - J. Alvarado,1610612752,NYK,14,12,2,0.857,70.416667,62,130,0.477,21,57,0.368,17,27,0.63,20,51,71,40,18.0,12,7,7,38,26,162,36.0,104,17,366,135,369,338,349,334,302,324,400,458,423,865,298,336,326,327,776,333,358,790,843,417,350,66,211250
Lineups,-1630540-1630631-,M. McBride - J. Alvarado,1610612752,NYK,14,12,2,0.857,69.24,58,130,0.446,17,60,0.283,16,20,0.8,16,52,68,36,17.0,14,7,7,44,24,149,34.0,104,17,366,135,375,349,349,556,356,312,810,471,493,360,360,330,346,349,754,295,358,790,880,433,376,74,207720
Lineups,-1641705-1642868-,V. Wembanyama - C. Bryant,1610612759,SAS,14,9,5,0.643,67.948333,57,110,0.518,22,58,0.379,25,35,0.714,13,68,81,42,23.0,5,11,1,40,28,161,33.0,104,108,980,263,379,353,401,137,291,318,346,373,366,677,419,254,292,307,841,559,251,297,854,395,354,77,203845
Lineups,-203903-1628404-,J. Clarkson - J. Hart,1610612752,NYK,13,11,2,0.846,66.061667,61,128,0.477,13,44,0.295,29,48,0.604,26,55,81,34,18.0,6,1,4,27,41,164,34.0,128,43,366,147,385,342,358,338,421,394,762,343,280,892,225,317,292,363,776,506,706,648,756,299,348,74,198185
Lineups,-1629640-1642868-,K. Johnson - C. Bryant,1610612759,SAS,12,8,4,0.667,64.613333,59,120,0.492,21,50,0.42,15,21,0.714,22,41,63,33,22.0,15,10,5,32,16,154,5.0,155,122,711,236,392,347,375,266,302,358,203,489,475,677,263,383,360,370,828,277,279,703,791,505,367,287,193840
Lineups,-203903-1626157-,J. Clarkson - K. Towns,1610612752,NYK,12,10,2,0.833,63.19,55,118,0.466,13,42,0.31,33,45,0.733,19,57,76,36,17.0,10,3,7,26,40,156,36.0,155,86,366,154,397,361,381,402,421,405,714,311,301,620,316,305,311,349,754,380,542,790,745,310,363,66,189570
Lineups,-1630577-1642868-,J. Champagnie - C. Bryant,1610612759,SAS,13,8,5,0.615,61.886667,48,98,0.49,23,54,0.426,23,30,0.767,12,55,67,29,21.0,8,10,2,31,20,142,19.0,128,122,980,272,401,403,427,277,279,335,194,387,397,484,441,317,351,400,817,435,279,449,784,466,388,120,185660
Lineups,-1628969-1630631-,M. Bridges - J. Alvarado,1610612752,NYK,15,13,2,0.867,57.266667,50,102,0.49,15,37,0.405,17,23,0.739,18,44,62,32,17.0,17,5,4,24,27,132,35.0,76,11,366,129,419,390,419,272,387,428,236,458,458,605,327,370,363,376,754,241,427,648,727,404,406,70,171800
Lineups,-203084-1630170-,H. Barnes - D. Vassell,1610612759,SAS,17,9,8,0.529,56.695,46,107,0.43,9,37,0.243,31,38,0.816,20,40,60,28,15.0,14,8,4,21,32,132,23.0,48,108,1128,350,423,409,408,655,499,428,906,324,342,320,298,390,371,411,719,295,330,648,697,357,406,107,170085
Lineups,-1628404-1630631-,J. Hart - J. Alvarado,1610612752,NYK,14,12,2,0.857,55.916667,54,106,0.509,12,38,0.316,17,26,0.654,15,45,60,34,13.0,14,4,4,27,26,137,42.0,104,17,366,135,426,368,413,160,443,424,689,458,433,837,384,363,371,363,683,295,484,648,756,417,398,56,167750
Lineups,-203903-1628969-,J. Clarkson - M. Bridges,1610612752,NYK,12,10,2,0.833,54.848333,53,107,0.495,9,29,0.31,23,31,0.742,21,49,70,27,16.0,10,3,4,26,34,138,33.0,155,86,366,154,432,373,408,253,499,488,709,387,392,596,282,345,335,419,737,380,542,648,745,340,396,77,164545
Lineups,-203903-1630631-,J. Clarkson - J. Alvarado,1610612752,NYK,13,11,2,0.846,54.521667,44,99,0.444,12,36,0.333,30,41,0.732,20,44,64,27,14.0,13,2,6,26,36,130,39.0,128,43,366,147,434,427,424,559,443,443,553,331,325,635,298,370,357,419,699,320,617,752,745,333,412,63,163565
Lineups,-1628384-1630631-,O. Anunoby - J. Alvarado,1610612752,NYK,11,9,2,0.818,53.338333,47,93,0.505,16,37,0.432,22,25,0.88,7,45,52,33,16.0,15,7,6,30,28,132,40.0,174,108,366,159,439,408,434,170,371,428,170,405,437,182,565,363,407,370,737,277,358,752,778,395,406,60,160015
Lineups,-203903-1629013-,J. Clarkson - L. Shamet,1610612752,NYK,11,9,2,0.818,52.76,46,87,0.529,16,36,0.444,21,33,0.636,15,32,47,25,16.0,5,2,4,31,26,129,3.0,174,108,366,159,443,409,453,117,371,443,139,421,379,854,384,438,430,435,737,559,617,648,784,417,414,358,158280
Lineups,-1630574-1642278-,A. Hukporti - T. Kolek,1610612752,NYK,7,7,0,1.0,49.565,41,88,0.466,14,36,0.389,13,23,0.565,14,39,53,28,23.0,10,6,4,23,18,109,-4.0,300,158,1,1,453,438,448,405,404,443,318,518,458,924,398,396,399,411,841,380,387,648,717,483,451,710,148695
Lineups,-1628436-1642868-,L. Kornet - C. Bryant,1610612759,SAS,18,11,7,0.611,49.406667,41,89,0.461,13,36,0.361,16,20,0.8,14,38,52,24,18.0,7,4,3,39,16,111,-21.0,23,43,1082,273,454,438,443,441,421,443,431,471,493,360,398,405,407,444,776,465,484,558,851,505,447,1030,148220
Lineups,-203084-1628436-,H. Barnes - L. Kornet,1610612759,SAS,12,7,5,0.583,44.366667,36,89,0.404,4,24,0.167,14,22,0.636,16,32,48,16,12.0,10,4,6,16,21,90,-12.0,155,158,980,323,474,461,443,791,687,537,978,502,467,854,360,438,422,525,658,380,484,752,639,457,480,933,133100
Lineups,-203084-1629640-,H. Barnes - K. Johnson,1610612759,SAS,10,8,2,0.8,42.688333,36,82,0.439,8,27,0.296,20,24,0.833,16,31,47,22,13.0,6,7,5,12,23,100,15.0,209,122,366,165,481,461,467,602,525,511,760,432,447,265,360,447,430,454,683,506,358,703,558,441,460,135,128065
Lineups,-1642278-1642885-,T. Kolek - M. Diawara,1610612752,NYK,6,6,0,1.0,42.6,33,76,0.434,11,32,0.344,9,15,0.6,12,30,42,21,19.0,7,5,4,20,13,86,-12.0,395,197,1,1,482,472,482,627,463,468,511,612,566,893,441,453,457,461,799,465,427,648,684,557,490,933,127800
Lineups,-1630574-1642885-,A. Hukporti - M. Diawara,1610612752,NYK,6,6,0,1.0,40.066667,32,72,0.444,10,28,0.357,9,15,0.6,11,28,39,20,19.0,7,5,4,18,13,83,-12.0,395,197,1,1,489,477,493,559,482,499,443,612,566,893,460,468,470,475,799,465,427,648,666,557,495,933,120200
Lineups,-1642278-1642359-,T. Kolek - P. Dadiet,1610612752,NYK,7,7,0,1.0,39.95,29,66,0.439,10,33,0.303,11,19,0.579,9,36,45,21,18.0,6,4,2,15,16,79,-3.0,300,158,1,1,492,496,507,601,482,459,732,560,507,916,496,419,440,461,776,506,484,449,626,505,505,659,119850
Lineups,-1629013-1630574-,L. Shamet - A. Hukporti,1610612752,NYK,6,6,0,1.0,37.633333,32,67,0.478,11,30,0.367,13,20,0.65,12,26,38,21,13.0,8,5,4,22,15,88,6.0,395,197,1,1,508,477,502,330,463,482,409,518,493,841,441,490,474,461,683,435,427,648,706,523,481,247,112900
Lineups,-1630574-1642359-,A. Hukporti - P. Dadiet,1610612752,NYK,6,6,0,1.0,36.166667,28,61,0.459,9,28,0.321,11,19,0.579,8,34,42,20,17.0,6,4,2,13,16,76,-1.0,395,197,1,1,516,507,519,457,499,499,668,560,507,916,531,426,457,475,754,506,484,449,585,505,514,557,108500
Lineups,-203084-1642868-,H. Barnes - C. Bryant,1610612759,SAS,7,5,2,0.714,36.05,32,56,0.571,12,30,0.4,15,21,0.714,8,28,36,21,13.0,5,2,0,23,18,91,21.0,300,226,366,225,518,477,543,70,443,482,246,489,475,677,531,468,489,461,683,559,617,1,717,483,476,114,108150
Lineups,-1629013-1642278-,L. Shamet - T. Kolek,1610612752,NYK,7,7,0,1.0,34.215,29,59,0.492,10,27,0.37,8,13,0.615,9,26,35,21,14.0,7,5,3,19,10,76,7.0,300,158,1,1,527,496,529,267,482,511,388,635,600,880,496,490,498,461,699,465,427,558,676,630,514,223,102645
Lineups,-203482-1629162-,K. Olynyk - J. McLaughlin,1610612759,SAS,8,6,2,0.75,34.15,29,57,0.509,11,27,0.407,8,11,0.727,6,29,35,19,17.0,6,6,2,16,9,77,5.0,265,197,366,177,528,496,537,163,463,511,229,635,634,642,599,464,498,487,754,506,387,449,639,651,512,287,102450
Lineups,-1642359-1642885-,P. Dadiet - M. Diawara,1610612752,NYK,5,5,0,1.0,33.716667,25,57,0.439,9,29,0.31,9,15,0.6,8,26,34,17,15.0,5,3,2,12,13,68,-6.0,522,226,1,1,531,534,537,605,499,488,709,612,566,893,531,490,500,512,719,559,542,449,558,557,546,792,101150
Lineups,-1629162-1630322-,J. McLaughlin - L. Waters III,1610612759,SAS,8,7,1,0.875,32.9,28,55,0.509,11,26,0.423,4,7,0.571,6,27,33,21,18.0,7,6,2,15,6,71,6.0,265,158,102,116,539,507,547,161,463,522,196,802,753,918,599,480,507,461,776,465,387,449,626,747,531,247,98700
Lineups,-1629011-1630631-,M. Robinson - J. Alvarado,1610612752,NYK,13,11,2,0.846,31.95,27,57,0.474,7,19,0.368,9,13,0.692,12,24,36,16,11.0,8,4,3,12,11,70,24.0,128,43,366,147,546,514,537,358,556,597,400,612,600,739,441,507,489,525,630,435,484,558,558,607,537,104,95850
Lineups,-203482-1630322-,K. Olynyk - L. Waters III,1610612759,SAS,8,7,1,0.875,31.23,25,51,0.49,10,24,0.417,4,7,0.571,5,27,32,18,17.0,6,6,2,13,6,64,4.0,265,158,102,116,557,534,567,272,482,537,208,802,753,918,639,480,512,499,754,506,387,449,585,747,566,322,93690
Lineups,-1626157-1629011-,K. Towns - M. Robinson,1610612752,NYK,9,8,1,0.889,26.983333,25,50,0.5,8,16,0.5,12,14,0.857,9,17,26,14,8.0,7,2,5,13,15,70,8.0,246,122,102,114,592,534,572,181,525,636,50,542,582,213,496,586,558,552,546,465,617,703,585,523,537,206,80950
Lineups,-203903-1630574-,J. Clarkson - A. Hukporti,1610612752,NYK,5,5,0,1.0,26.288333,22,50,0.44,11,24,0.458,16,19,0.842,12,13,25,11,10.0,6,1,3,16,15,71,5.0,522,226,1,1,596,567,572,594,463,537,122,471,507,255,441,649,564,622,615,506,706,558,639,523,531,287,78865
Lineups,-202687-1629162-,B. Biyombo - J. McLaughlin,1610612759,SAS,8,6,2,0.75,23.85,19,35,0.543,5,10,0.5,6,9,0.667,2,22,24,13,14.0,2,5,2,12,7,49,-1.0,265,197,366,177,621,608,671,101,631,750,50,700,682,781,821,524,574,575,699,738,427,449,558,704,631,557,71550
Lineups,-1629013-1642885-,L. Shamet - M. Diawara,1610612752,NYK,4,4,0,1.0,23.466667,20,42,0.476,6,18,0.333,4,5,0.8,6,15,21,13,9.0,4,4,3,14,5,50,1.0,621,252,1,1,625,595,619,339,585,611,553,802,830,360,599,609,609,575,580,623,484,558,607,789,625,437,70400
Lineups,-202687-203482-,B. Biyombo - K. Olynyk,1610612759,SAS,8,6,2,0.75,23.213333,17,33,0.515,4,9,0.444,6,9,0.667,2,23,25,11,14.0,1,5,2,11,7,44,-3.0,265,197,366,177,630,631,681,146,687,777,139,700,682,781,821,517,564,622,699,843,427,449,543,704,659,659,69640
Lineups,-202687-1630322-,B. Biyombo - L. Waters III,1610612759,SAS,8,7,1,0.875,22.513333,17,32,0.531,5,9,0.556,2,5,0.4,1,21,22,13,14.0,2,5,2,9,5,41,-2.0,265,158,102,116,639,631,687,115,631,777,37,890,830,1015,907,529,595,575,699,738,427,449,486,789,675,606,67540
Lineups,-1629162-1642868-,J. McLaughlin - C. Bryant,1610612759,SAS,8,6,2,0.75,21.866667,21,39,0.538,11,25,0.44,6,8,0.75,5,16,21,14,9.0,7,1,1,13,6,59,11.0,265,197,366,177,653,580,637,105,463,528,154,700,714,525,639,602,609,552,580,465,706,297,585,747,585,165,65600
Lineups,-1629013-1642359-,L. Shamet - P. Dadiet,1610612752,NYK,5,5,0,1.0,21.716667,16,36,0.444,5,19,0.263,6,9,0.667,5,22,27,13,8.0,4,3,1,10,8,43,10.0,522,226,1,1,655,647,663,559,631,597,859,700,682,781,639,524,550,575,546,623,542,297,511,685,664,177,65150
Lineups,-1631110-1642278-,J. Sochan - T. Kolek,1610612752,NYK,4,4,0,1.0,21.65,17,34,0.5,4,13,0.308,5,12,0.417,3,17,20,12,9.0,2,2,1,12,7,43,-13.0,621,252,1,1,657,631,677,181,687,693,717,764,618,1012,750,586,625,596,580,738,617,297,558,704,664,951,64950
Lineups,-1630574-1631110-,A. Hukporti - J. Sochan,1610612752,NYK,4,4,0,1.0,19.116667,16,30,0.533,3,9,0.333,5,12,0.417,2,15,17,11,9.0,2,2,1,10,7,40,-13.0,621,252,1,1,686,647,709,111,749,777,553,764,618,1012,821,609,675,622,580,738,617,297,511,704,680,951,57350
Lineups,-202687-203486-,B. Biyombo - M. Plumlee,1610612759,SAS,6,4,2,0.667,18.383333,15,26,0.577,3,7,0.429,6,7,0.857,2,15,17,9,12.0,2,5,1,7,6,39,-2.0,395,252,366,236,695,669,740,66,749,833,174,700,753,213,821,609,675,668,658,738,427,297,424,747,693,606,55150
Lineups,-203486-1629162-,M. Plumlee - J. McLaughlin,1610612759,SAS,6,4,2,0.667,18.383333,15,26,0.577,3,7,0.429,6,7,0.857,2,15,17,9,12.0,2,5,1,7,6,39,-2.0,395,252,366,236,695,669,740,66,749,833,174,700,753,213,821,609,675,668,658,738,427,297,424,747,693,606,55150
Lineups,-1631110-1642885-,J. Sochan - M. Diawara,1610612752,NYK,3,3,0,1.0,18.183333,13,28,0.464,3,11,0.273,4,8,0.5,2,13,15,8,9.0,1,1,1,11,5,33,-15.0,754,319,1,1,698,700,728,411,749,722,830,802,714,940,821,649,708,689,580,843,706,297,543,789,733,973,54550
Lineups,-1630574-1630631-,A. Hukporti - J. Alvarado,1610612752,NYK,7,7,0,1.0,17.716667,12,33,0.364,7,14,0.5,8,13,0.615,9,10,19,8,5.0,5,2,3,12,8,39,2.0,300,158,1,1,708,722,681,919,556,668,50,635,600,880,496,714,646,689,414,559,617,558,558,685,693,399,53150
Lineups,-203482-1642868-,K. Olynyk - C. Bryant,1610612759,SAS,7,6,1,0.857,17.396667,16,31,0.516,9,20,0.45,6,8,0.75,4,14,18,10,7.0,5,1,1,10,5,47,11.0,300,197,102,135,713,647,698,142,499,583,133,700,714,525,704,631,660,644,514,559,706,297,511,789,644,165,52190
Lineups,-203482-203486-,K. Olynyk - M. Plumlee,1610612759,SAS,5,3,2,0.6,16.866667,13,24,0.542,2,6,0.333,6,7,0.857,2,15,17,7,11.0,1,5,1,7,6,34,-5.0,522,319,366,283,725,700,753,102,819,862,553,700,753,213,821,609,675,723,630,843,427,297,424,747,724,753,50600
Lineups,-203486-1630322-,M. Plumlee - L. Waters III,1610612759,SAS,5,4,1,0.8,16.166667,13,23,0.565,3,6,0.5,2,3,0.667,1,13,14,9,11.0,2,5,1,4,4,31,-3.0,522,252,102,165,733,700,766,80,749,862,50,890,895,781,907,649,729,668,630,738,427,297,326,842,755,659,48500
Lineups,-1630322-1642868-,L. Waters III - C. Bryant,1610612759,SAS,7,7,0,1.0,16.146667,15,29,0.517,9,19,0.474,2,4,0.5,4,12,16,12,8.0,6,1,1,9,2,41,12.0,300,158,1,1,734,669,721,138,499,597,109,890,852,940,704,674,689,596,546,506,706,297,486,917,675,153,48440
Lineups,-1631110-1642359-,J. Sochan - P. Dadiet,1610612752,NYK,4,4,0,1.0,15.316667,9,22,0.409,2,9,0.222,5,10,0.5,2,14,16,7,7.0,0,2,1,6,6,25,-13.0,621,252,1,1,744,785,783,771,819,777,922,764,657,940,821,631,689,723,514,956,617,297,397,747,806,951,45950
Lineups,-203084-1629162-,H. Barnes - J. McLaughlin,1610612759,SAS,4,3,1,0.75,14.866667,15,26,0.577,7,16,0.438,5,6,0.833,4,10,14,11,6.0,3,0,0,8,5,42,6.0,621,319,102,177,748,669,740,66,556,636,162,764,793,265,704,714,729,622,469,689,843,1,458,789,669,247,44600
Lineups,-1628973-1630574-,J. Brunson - A. Hukporti,1610612752,NYK,4,4,0,1.0,14.805,17,31,0.548,8,13,0.615,14,15,0.933,8,6,14,8,4.0,2,1,2,9,8,56,11.0,621,252,1,1,750,631,698,95,525,693,31,502,566,128,531,813,729,689,368,738,706,449,486,685,599,165,44415
Lineups,-1630540-1630574-,M. McBride - A. Hukporti,1610612752,NYK,4,4,0,1.0,14.385,13,23,0.565,8,12,0.667,15,17,0.882,3,6,9,7,2.0,2,1,3,12,11,49,11.0,621,252,1,1,756,700,766,80,525,709,24,489,541,177,750,813,820,723,226,738,706,558,558,607,631,165,43155
Lineups,-1630631-1642278-,J. Alvarado - T. Kolek,1610612752,NYK,6,6,0,1.0,12.881667,9,25,0.36,5,9,0.556,3,6,0.5,7,8,15,7,6.0,4,2,2,6,3,26,1.0,395,197,1,1,779,785,748,934,631,777,37,840,793,940,565,755,708,723,469,623,617,449,397,862,800,437,38645
Lineups,-203903-1642278-,J. Clarkson - T. Kolek,1610612752,NYK,3,3,0,1.0,11.181667,10,23,0.435,6,13,0.462,3,4,0.75,6,8,14,6,6.0,4,0,0,4,5,29,3.0,754,319,1,1,808,757,766,623,585,693,116,840,852,525,599,755,729,766,469,623,843,1,326,789,773,358,33545
Lineups,-1629162-1629640-,J. McLaughlin - K. Johnson,1610612759,SAS,4,3,1,0.75,10.47,9,20,0.45,5,13,0.385,0,0,0.0,4,4,8,6,5.0,4,1,1,6,2,23,-9.0,621,319,102,177,820,785,807,530,631,693,331,1026,1035,1026,704,895,838,766,414,623,706,297,397,917,823,873,31410
Lineups,-1629013-1631110-,L. Shamet - J. Sochan,1610612752,NYK,3,3,0,1.0,10.436667,11,18,0.611,3,8,0.375,1,4,0.25,2,9,11,8,2.0,2,1,0,8,2,26,2.0,754,319,1,1,824,742,829,48,749,811,356,962,852,1025,821,730,776,689,226,738,706,1,458,917,800,399,31310
Lineups,-1628404-1630574-,J. Hart - A. Hukporti,1610612752,NYK,4,4,0,1.0,9.8,10,22,0.455,5,10,0.5,10,11,0.909,8,3,11,5,2.0,2,0,0,3,5,35,4.0,621,252,1,1,836,757,783,488,631,750,50,587,634,138,531,941,776,801,226,738,843,1,261,789,722,322,29400
Lineups,-203084-203482-,H. Barnes - K. Olynyk,1610612759,SAS,2,2,0,1.0,9.75,10,18,0.556,5,12,0.417,2,2,1.0,3,6,9,7,3.0,2,0,0,6,2,27,5.0,842,488,1,1,837,757,829,87,631,709,208,890,917,1,750,813,820,723,313,738,843,1,397,917,788,287,29250
Lineups,-203084-1630322-,H. Barnes - L. Waters III,1610612759,SAS,3,3,0,1.0,9.2,9,17,0.529,4,11,0.364,2,2,1.0,4,6,10,7,4.0,2,0,0,7,1,24,5.0,754,319,1,1,855,785,841,116,687,722,417,890,917,1,704,813,797,723,368,738,843,1,424,988,813,287,27600
Lineups,-1628969-1630574-,M. Bridges - A. Hukporti,1610612752,NYK,4,4,0,1.0,8.866667,11,22,0.5,5,10,0.5,6,7,0.857,8,4,12,5,2.0,2,0,0,4,3,33,6.0,621,252,1,1,862,742,783,181,631,750,50,700,753,213,531,895,764,801,226,738,843,1,326,862,733,247,26600
Lineups,-202687-1642868-,B. Biyombo - C. Bryant,1610612759,SAS,6,5,1,0.833,8.613333,7,12,0.583,3,5,0.6,4,6,0.667,1,10,11,5,5.0,1,0,1,7,3,21,7.0,395,226,102,154,870,829,897,60,749,904,32,802,793,781,907,714,776,801,414,843,843,297,424,862,840,223,25840
Lineups,-203903-1642359-,J. Clarkson - P. Dadiet,1610612752,NYK,2,2,0,1.0,7.8,7,15,0.467,4,10,0.4,1,2,0.5,3,7,10,4,4.0,2,0,0,2,4,19,0.0,842,488,1,1,880,829,861,394,687,750,246,962,917,940,750,790,797,835,368,738,843,1,199,842,857,477,23400
Lineups,-203903-1642885-,J. Clarkson - M. Diawara,1610612752,NYK,1,1,0,1.0,7.783333,7,18,0.389,4,9,0.444,1,2,0.5,5,6,11,4,3.0,3,0,0,2,3,19,2.0,968,655,1,1,881,829,829,855,687,777,139,962,917,940,639,813,776,835,313,689,843,1,199,862,857,399,23350
Lineups,-1628436-1641705-,L. Kornet - V. Wembanyama,1610612759,SAS,5,3,2,0.6,7.043333,6,12,0.5,2,5,0.4,0,0,0.0,3,6,9,5,5.0,1,1,0,7,2,14,-4.0,522,319,366,283,901,869,897,181,819,904,246,1026,1035,1026,750,813,820,801,414,843,706,1,424,917,905,710,21130
Lineups,-1629162-1641705-,J. McLaughlin - V. Wembanyama,1610612759,SAS,2,1,1,0.5,7.01,6,10,0.6,4,5,0.8,3,4,0.75,2,2,4,5,7.0,1,0,1,9,3,19,-11.0,842,655,102,351,906,869,931,49,687,904,20,840,852,525,821,993,948,801,514,843,843,297,486,862,857,914,21030
Lineups,-1628384-1630574-,O. Anunoby - A. Hukporti,1610612752,NYK,2,2,0,1.0,7.01,10,13,0.769,5,6,0.833,8,9,0.889,1,4,5,4,2.0,0,1,2,6,5,33,13.0,842,488,1,1,906,757,888,25,631,862,18,635,682,164,907,895,916,835,226,956,706,449,397,789,733,147,21030
Lineups,-1629162-1630170-,J. McLaughlin - D. Vassell,1610612759,SAS,1,0,1,0.0,5.623333,4,7,0.571,2,3,0.667,3,4,0.75,1,2,3,3,6.0,1,0,0,7,3,13,-9.0,968,899,102,899,939,920,973,70,819,986,24,840,852,525,907,993,989,892,469,843,843,1,424,862,914,873,16870
Lineups,-1629162-1630577-,J. McLaughlin - J. Champagnie,1610612759,SAS,2,1,1,0.5,5.426667,6,9,0.667,5,6,0.833,3,4,0.75,1,3,4,6,4.0,2,0,1,3,2,20,4.0,842,655,102,351,942,869,939,33,631,862,18,840,852,525,907,941,948,766,368,738,843,297,261,917,846,322,16280
Lineups,-1629640-1630322-,K. Johnson - L. Waters III,1610612759,SAS,2,2,0,1.0,4.566667,4,10,0.4,2,7,0.286,0,0,0.0,2,2,4,3,2.0,3,1,0,1,0,10,1.0,842,488,1,1,970,920,931,804,819,833,789,1026,1035,1026,821,993,948,892,226,689,706,1,89,1071,950,437,13700
Lineups,-1630631-1642885-,J. Alvarado - M. Diawara,1610612752,NYK,2,2,0,1.0,4.483333,2,11,0.182,1,1,1.0,0,0,0.0,4,2,6,1,2.0,1,2,2,2,0,5,-5.0,842,488,1,1,979,999,915,1098,926,1071,1,1026,1035,1026,704,993,890,983,226,843,617,449,199,1071,1034,753,13450
Lineups,-1629162-1642844-,J. McLaughlin - D. Harper,1610612759,SAS,3,2,1,0.667,4.076667,5,8,0.625,4,6,0.667,0,0,0.0,1,2,3,4,2.0,1,0,1,2,1,14,2.0,754,488,102,236,1002,888,955,40,687,862,24,1026,1035,1026,907,993,989,835,226,843,843,297,199,988,905,399,12230
Lineups,-1630631-1642359-,J. Alvarado - P. Dadiet,1610612752,NYK,2,2,0,1.0,3.883333,2,6,0.333,1,3,0.333,1,2,0.5,1,5,6,2,2.0,1,0,0,2,1,6,3.0,842,488,1,1,1019,999,991,958,926,986,553,962,917,940,907,851,890,947,226,843,843,1,199,988,1011,358,11650
Lineups,-203486-1642868-,M. Plumlee - C. Bryant,1610612759,SAS,2,1,1,0.5,3.733333,4,5,0.8,1,2,0.5,4,4,1.0,1,2,3,2,2.0,1,0,0,3,2,13,4.0,842,655,102,351,1023,920,1029,18,926,1024,50,802,852,1,907,993,989,947,226,843,843,1,261,917,914,322,11200
Lineups,-203482-1629640-,K. Olynyk - K. Johnson,1610612759,SAS,1,1,0,1.0,3.533333,3,8,0.375,2,6,0.333,0,0,0.0,1,1,2,2,1.0,3,1,0,0,0,8,1.0,968,655,1,1,1028,962,955,892,819,862,553,1026,1035,1026,907,1053,1034,947,108,689,706,1,1,1071,986,437,10600
Lineups,-1628436-1629162-,L. Kornet - J. McLaughlin,1610612759,SAS,3,3,0,1.0,2.883333,2,5,0.4,0,3,0.0,0,0,0.0,1,4,5,1,1.0,0,0,0,1,1,4,-1.0,754,319,1,1,1052,999,1029,804,1024,986,1024,1026,1035,1026,907,895,916,983,108,956,843,1,89,988,1050,557,8650
Lineups,-1629162-1642264-,J. McLaughlin - S. Castle,1610612759,SAS,1,0,1,0.0,2.583333,1,3,0.333,0,1,0.0,0,0,0.0,1,0,1,0,3.0,0,0,0,5,1,2,-11.0,968,899,102,899,1068,1051,1082,958,1024,1071,1024,1026,1035,1026,907,1111,1086,1073,313,956,843,1,374,988,1083,914,7750
Lineups,-1630631-1631110-,J. Alvarado - J. Sochan,1610612752,NYK,1,1,0,1.0,2.033333,2,4,0.5,1,2,0.5,0,2,0.0,1,1,2,2,0.0,1,0,0,1,1,5,0.0,968,655,1,1,1078,999,1054,181,926,1024,50,1026,917,1026,907,1053,1034,947,1,843,843,1,89,988,1034,477,6100
Lineups,-203482-1642844-,K. Olynyk - D. Harper,1610612759,SAS,1,1,0,1.0,1.583333,2,3,0.667,1,2,0.5,0,0,0.0,0,1,1,1,0.0,0,0,0,0,1,5,0.0,968,655,1,1,1099,999,1082,33,926,1024,50,1026,1035,1026,1032,1053,1086,983,1,956,843,1,1,988,1034,477,4750
Lineups,-203482-1628436-,K. Olynyk - L. Kornet,1610612759,SAS,1,1,0,1.0,1.516667,1,3,0.333,0,2,0.0,0,0,0.0,1,3,4,1,1.0,0,0,0,1,0,2,2.0,968,655,1,1,1108,1051,1082,958,1024,1024,1024,1026,1035,1026,907,941,948,983,108,956,843,1,89,1071,1083,399,4550
Lineups,-1628436-1630322-,L. Kornet - L. Waters III,1610612759,SAS,1,1,0,1.0,1.516667,1,3,0.333,0,2,0.0,0,0,0.0,1,3,4,1,1.0,0,0,0,1,0,2,2.0,968,655,1,1,1108,1051,1082,958,1024,1024,1024,1026,1035,1026,907,941,948,983,108,956,843,1,89,1071,1083,399,4550
Lineups,-202687-203084-,B. Biyombo - H. Barnes,1610612759,SAS,1,1,0,1.0,1.466667,1,2,0.5,0,0,0.0,0,0,0.0,0,0,0,1,0.0,0,0,0,1,0,2,-2.0,968,655,1,1,1110,1051,1098,181,1024,1128,1024,1026,1035,1026,1032,1111,1129,983,1,956,843,1,89,1071,1083,606,4400
Lineups,-1630540-1642359-,M. McBride - P. Dadiet,1610612752,NYK,1,1,0,1.0,1.25,0,1,0.0,0,1,0.0,0,0,0.0,0,0,0,0,1.0,0,0,0,0,0,0,-2.0,968,655,1,1,1114,1112,1131,1112,1024,1071,1024,1026,1035,1026,1032,1111,1129,1073,108,956,843,1,1,1071,1129,606,3750
Lineups,-1630540-1642278-,M. McBride - T. Kolek,1610612752,NYK,1,1,0,1.0,1.25,0,1,0.0,0,1,0.0,0,0,0.0,0,0,0,0,1.0,0,0,0,0,0,0,-2.0,968,655,1,1,1114,1112,1131,1112,1024,1071,1024,1026,1035,1026,1032,1111,1129,1073,108,956,843,1,1,1071,1129,606,3750
Lineups,-1630540-1631110-,M. McBride - J. Sochan,1610612752,NYK,1,1,0,1.0,0.915,1,2,0.5,0,0,0.0,0,0,0.0,0,1,1,0,0.0,0,0,0,0,0,2,-1.0,968,655,1,1,1127,1051,1098,181,1024,1128,1024,1026,1035,1026,1032,1053,1086,1073,1,956,843,1,1,1071,1083,557,2745
Lineups,-1628384-1631110-,O. Anunoby - J. Sochan,1610612752,NYK,1,1,0,1.0,0.915,1,2,0.5,0,0,0.0,0,0,0.0,0,1,1,0,0.0,0,0,0,0,0,2,-1.0,968,655,1,1,1127,1051,1098,181,1024,1128,1024,1026,1035,1026,1032,1053,1086,1073,1,956,843,1,1,1071,1083,557,2745
Lineups,-202687-1630170-,B. Biyombo - D. Vassell,1610612759,SAS,1,1,0,1.0,0.88,0,0,0.0,0,0,0.0,0,0,0.0,0,1,1,0,1.0,0,0,0,0,0,0,0.0,968,655,1,1,1132,1112,1152,1112,1024,1128,1024,1026,1035,1026,1032,1053,1086,1073,108,956,843,1,1,1071,1129,477,2640
Lineups,-1630170-1630322-,D. Vassell - L. Waters III,1610612759,SAS,1,1,0,1.0,0.88,0,0,0.0,0,0,0.0,0,0,0.0,0,1,1,0,1.0,0,0,0,0,0,0,0.0,968,655,1,1,1132,1112,1152,1112,1024,1128,1024,1026,1035,1026,1032,1053,1086,1073,108,956,843,1,1,1071,1129,477,2640
Lineups,-203482-1630170-,K. Olynyk - D. Vassell,1610612759,SAS,1,1,0,1.0,0.88,0,0,0.0,0,0,0.0,0,0,0.0,0,1,1,0,1.0,0,0,0,0,0,0,0.0,968,655,1,1,1132,1112,1152,1112,1024,1128,1024,1026,1035,1026,1032,1053,1086,1073,108,956,843,1,1,1071,1129,477,2640
Lineups,-1628973-1631110-,J. Brunson - J. Sochan,1610612752,NYK,1,1,0,1.0,0.778333,1,2,0.5,0,0,0.0,0,0,0.0,0,0,0,0,0.0,0,0,0,0,0,2,-1.0,968,655,1,1,1137,1051,1098,181,1024,1128,1024,1026,1035,1026,1032,1111,1129,1073,1,956,843,1,1,1071,1083,557,2335
Lineups,-203903-1631110-,J. Clarkson - J. Sochan,1610612752,NYK,1,1,0,1.0,0.778333,1,2,0.5,0,0,0.0,0,0,0.0,0,0,0,0,0.0,0,0,0,0,0,2,-1.0,968,655,1,1,1137,1051,1098,181,1024,1128,1024,1026,1035,1026,1032,1111,1129,1073,1,956,843,1,1,1071,1083,557,2335
Lineups,-1628368-1629162-,D. Fox - J. McLaughlin,1610612759,SAS,1,1,0,1.0,0.216667,0,0,0.0,0,0,0.0,0,0,0.0,0,0,0,0,0.0,0,0,0,0,0,0,-2.0,968,655,1,1,1156,1112,1152,1112,1024,1128,1024,1026,1035,1026,1032,1111,1129,1073,1,956,843,1,1,1071,1129,606,650
Lineups,-1628969-1631110-,M. Bridges - J. Sochan,1610612752,NYK,1,1,0,1.0,0.136667,0,0,0.0,0,0,0.0,0,0,0.0,0,1,1,0,0.0,0,0,0,0,0,0,0.0,968,655,1,1,1157,1112,1152,1112,1024,1128,1024,1026,1035,1026,1032,1053,1086,1073,1,956,843,1,1,1071,1129,477,410
Lineups,-1628973-1642885-,J. Brunson - M. Diawara,1610612752,NYK,1,1,0,1.0,0.1,0,0,0.0,0,0,0.0,0,0,0.0,0,0,0,0,0.0,0,0,0,1,0,0,-1.0,968,655,1,1,1158,1112,1152,1112,1024,1128,1024,1026,1035,1026,1032,1111,1129,1073,1,956,843,1,89,1071,1129,557,300
Lineups,-1628973-1642278-,J. Brunson - T. Kolek,1610612752,NYK,1,1,0,1.0,0.1,0,0,0.0,0,0,0.0,0,0,0.0,0,0,0,0,0.0,0,0,0,1,0,0,-1.0,968,655,1,1,1158,1112,1152,1112,1024,1128,1024,1026,1035,1026,1032,1111,1129,1073,1,956,843,1,89,1071,1129,557,300
Lineups,-202687-1641705-,B. Biyombo - V. Wembanyama,1610612759,SAS,1,1,0,1.0,0.0,0,0,0.0,0,0,0.0,0,0,0.0,0,0,0,0,0.0,0,0,0,1,0,0,-1.0,968,655,1,1,1178,1112,1152,1112,1024,1128,1024,1026,1035,1026,1032,1111,1129,1073,1,956,843,1,89,1071,1129,557,0
Lineups,-1630322-1641705-,L. Waters III - V. Wembanyama,1610612759,SAS,1,1,0,1.0,0.0,0,0,0.0,0,0,0.0,0,0,0.0,0,0,0,0,0.0,0,0,0,1,0,0,-1.0,968,655,1,1,1178,1112,1152,1112,1024,1128,1024,1026,1035,1026,1032,1111,1129,1073,1,956,843,1,89,1071,1129,557,0
