season,series_id,game_id,game_date,perspective,team_a,team_b,actual_team_a_win,baseline_probability,net_rating_probability,elo_probability,player_edge,matchup_edge,lineup_edge,clutch_edge,injury_edge,coaching_edge,player_data_available,matchup_data_available,lineup_data_available,clutch_data_available,injury_data_available,coaching_data_available
2021-22,2021-22:1610612755:1610612761,0042100131,2022-04-16,home,PHI,TOR,1,0.6087,0.513041,0.522906,0.0,0.0,0.0,0.0,0.0,0.0,0,0,0,0,0,0
2021-22,2021-22:1610612755:1610612761,0042100131,2022-04-16,away,TOR,PHI,0,0.3913,0.486959,0.477094,0.0,0.0,0.0,0.0,0.0,0.0,0,0,0,0,0,0
2021-22,2021-22:1610612750:1610612763,0042100151,2022-04-16,home,MEM,MIN,0,0.6148,0.556282,0.510615,0.0,0.0,0.0,0.0,0.0,0.0,0,0,0,0,0,0
2021-22,2021-22:1610612750:1610612763,0042100151,2022-04-16,away,MIN,MEM,1,0.3852,0.443718,0.489385,0.0,0.0,0.0,0.0,0.0,0.0,0,0,0,0,0,0
2021-22,2021-22:1610612743:1610612744,0042100161,2022-04-16,home,GSW,DEN,1,0.6367,0.56912,0.726567,0.0,0.0,0.0,0.0,0.0,0.0,0,0,0,0,0,0
2021-22,2021-22:1610612743:1610612744,0042100161,2022-04-16,away,DEN,GSW,0,0.3633,0.43088,0.273433,0.0,0.0,0.0,0.0,0.0,0.0,0,0,0,0,0,0
2021-22,2021-22:1610612742:1610612762,0042100171,2022-04-16,home,DAL,UTA,0,0.3868,0.441572,0.524084,0.0,0.0,0.0,0.0,0.0,0.0,0,0,0,0,0,0
2021-22,2021-22:1610612742:1610612762,0042100171,2022-04-16,away,UTA,DAL,1,0.6132,0.558428,0.475916,0.0,0.0,0.0,0.0,0.0,0.0,0,0,0,0,0,0
2021-22,2021-22:1610612737:1610612748,0042100101,2022-04-17,home,MIA,ATL,1,0.7458,0.562712,0.541672,0.0,0.0,0.0,0.0,0.0,0.0,0,0,0,0,0,0
2021-22,2021-22:1610612737:1610612748,0042100101,2022-04-17,away,ATL,MIA,0,0.2542,0.437288,0.458328,0.0,0.0,0.0,0.0,0.0,0.0,0,0,0,0,0,0
2021-22,2021-22:1610612738:1610612751,0042100111,2022-04-17,home,BOS,BKN,1,0.7366,0.637659,0.540984,0.0,0.0,0.0,0.0,0.0,0.0,0,0,0,0,0,0
2021-22,2021-22:1610612738:1610612751,0042100111,2022-04-17,away,BKN,BOS,0,0.2634,0.362341,0.459016,0.0,0.0,0.0,0.0,0.0,0.0,0,0,0,0,0,0
2021-22,2021-22:1610612741:1610612749,0042100121,2022-04-17,home,MIL,CHI,1,0.6842,0.579748,0.796196,0.0,0.0,0.0,0.0,0.0,0.0,0,0,0,0,0,0
2021-22,2021-22:1610612741:1610612749,0042100121,2022-04-17,away,CHI,MIL,0,0.3158,0.420252,0.203804,0.0,0.0,0.0,0.0,0.0,0.0,0,0,0,0,0,0
2021-22,2021-22:1610612740:1610612756,0042100141,2022-04-17,home,PHX,NOP,1,0.7676,0.67299,0.704135,0.0,0.0,0.0,0.0,0.0,0.0,0,0,0,0,0,0
2021-22,2021-22:1610612740:1610612756,0042100141,2022-04-17,away,NOP,PHX,0,0.2324,0.32701,0.295865,0.0,0.0,0.0,0.0,0.0,0.0,0,0,0,0,0,0
2021-22,2021-22:1610612755:1610612761,0042100132,2022-04-18,home,PHI,TOR,1,0.5693,0.513041,0.604952,0.0,0.0,0.0,0.0,0.0,0.0,0,0,0,0,0,0
2021-22,2021-22:1610612755:1610612761,0042100132,2022-04-18,away,TOR,PHI,0,0.4307,0.486959,0.395048,0.0,0.0,0.0,0.0,0.0,0.0,0,0,0,0,0,0
2021-22,2021-22:1610612743:1610612744,0042100162,2022-04-18,home,GSW,DEN,1,0.6106,0.56912,0.760542,0.0,0.0,0.0,0.0,0.0,0.0,0,0,0,0,0,0
2021-22,2021-22:1610612743:1610612744,0042100162,2022-04-18,away,DEN,GSW,0,0.3894,0.43088,0.239458,0.0,0.0,0.0,0.0,0.0,0.0,0,0,0,0,0,0
2021-22,2021-22:1610612742:1610612762,0042100172,2022-04-18,home,DAL,UTA,1,0.4151,0.441572,0.465452,0.0,0.0,0.0,0.0,0.0,0.0,0,0,0,0,0,0
2021-22,2021-22:1610612742:1610612762,0042100172,2022-04-18,away,UTA,DAL,0,0.5849,0.558428,0.534548,0.0,0.0,0.0,0.0,0.0,0.0,0,0,0,0,0,0
2021-22,2021-22:1610612737:1610612748,0042100102,2022-04-19,home,MIA,ATL,1,0.6202,0.562712,0.624051,0.0,0.0,0.0,0.0,0.0,0.0,0,0,0,0,0,0
2021-22,2021-22:1610612737:1610612748,0042100102,2022-04-19,away,ATL,MIA,0,0.3798,0.437288,0.375949,0.0,0.0,0.0,0.0,0.0,0.0,0,0,0,0,0,0
2021-22,2021-22:1610612740:1610612756,0042100142,2022-04-19,home,PHX,NOP,0,0.7249,0.67299,0.738146,0.0,0.0,0.0,0.0,0.0,0.0,0,0,0,0,0,0
2021-22,2021-22:1610612740:1610612756,0042100142,2022-04-19,away,NOP,PHX,1,0.2751,0.32701,0.261854,0.0,0.0,0.0,0.0,0.0,0.0,0,0,0,0,0,0
2021-22,2021-22:1610612750:1610612763,0042100152,2022-04-19,home,MEM,MIN,1,0.6426,0.556282,0.433443,0.0,0.0,0.0,0.0,0.0,0.0,0,0,0,0,0,0
2021-22,2021-22:1610612750:1610612763,0042100152,2022-04-19,away,MIN,MEM,0,0.3574,0.443718,0.566557,0.0,0.0,0.0,0.0,0.0,0.0,0,0,0,0,0,0
2021-22,2021-22:1610612738:1610612751,0042100112,2022-04-20,home,BOS,BKN,1,0.7302,0.637659,0.567092,0.0,0.0,0.0,0.0,0.0,0.0,0,0,0,0,0,0
2021-22,2021-22:1610612738:1610612751,0042100112,2022-04-20,away,BKN,BOS,0,0.2698,0.362341,0.432908,0.0,0.0,0.0,0.0,0.0,0.0,0,0,0,0,0,0
2021-22,2021-22:1610612741:1610612749,0042100122,2022-04-20,home,MIL,CHI,0,0.6292,0.579748,0.811574,0.0,0.0,0.0,0.0,0.0,0.0,0,0,0,0,0,0
2021-22,2021-22:1610612741:1610612749,0042100122,2022-04-20,away,CHI,MIL,1,0.3708,0.420252,0.188426,0.0,0.0,0.0,0.0,0.0,0.0,0,0,0,0,0,0
2021-22,2021-22:1610612755:1610612761,0042100133,2022-04-20,home,TOR,PHI,0,0.5268,0.486959,0.517491,0.0,0.0,0.0,0.0,0.0,0.0,0,0,0,0,0,0
2021-22,2021-22:1610612755:1610612761,0042100133,2022-04-20,away,PHI,TOR,1,0.4732,0.513041,0.482509,0.0,0.0,0.0,0.0,0.0,0.0,0,0,0,0,0,0
2021-22,2021-22:1610612750:1610612763,0042100153,2022-04-21,home,MIN,MEM,0,0.5437,0.443718,0.640348,0.0,0.0,0.0,0.0,0.0,0.0,0,0,0,0,0,0
2021-22,2021-22:1610612750:1610612763,0042100153,2022-04-21,away,MEM,MIN,1,0.4563,0.556282,0.359652,0.0,0.0,0.0,0.0,0.0,0.0,0,0,0,0,0,0
2021-22,2021-22:1610612743:1610612744,0042100163,2022-04-21,home,DEN,GSW,0,0.5432,0.43088,0.360042,0.0,0.0,0.0,0.0,0.0,0.0,0,0,0,0,0,0
2021-22,2021-22:1610612743:1610612744,0042100163,2022-04-21,away,GSW,DEN,1,0.4568,0.56912,0.639958,0.0,0.0,0.0,0.0,0.0,0.0,0,0,0,0,0,0
2021-22,2021-22:1610612742:1610612762,0042100173,2022-04-21,home,UTA,DAL,0,0.7688,0.558428,0.656389,0.0,0.0,0.0,0.0,0.0,0.0,0,0,0,0,0,0
2021-22,2021-22:1610612742:1610612762,0042100173,2022-04-21,away,DAL,UTA,1,0.2312,0.441572,0.343611,0.0,0.0,0.0,0.0,0.0,0.0,0,0,0,0,0,0
2021-22,2021-22:1610612737:1610612748,0042100103,2022-04-22,home,ATL,MIA,1,0.4589,0.437288,0.508496,0.0,0.0,0.0,0.0,0.0,0.0,0,0,0,0,0,0
2021-22,2021-22:1610612737:1610612748,0042100103,2022-04-22,away,MIA,ATL,0,0.5411,0.562712,0.491504,0.0,0.0,0.0,0.0,0.0,0.0,0,0,0,0,0,0
2021-22,2021-22:1610612741:1610612749,0042100123,2022-04-22,home,CHI,MIL,0,0.491,0.420252,0.398631,0.0,0.0,0.0,0.0,0.0,0.0,0,0,0,0,0,0
2021-22,2021-22:1610612741:1610612749,0042100123,2022-04-22,away,MIL,CHI,1,0.509,0.579748,0.601369,0.0,0.0,0.0,0.0,0.0,0.0,0,0,0,0,0,0
2021-22,2021-22:1610612740:1610612756,0042100143,2022-04-22,home,NOP,PHX,0,0.3884,0.32701,0.533533,0.0,0.0,0.0,0.0,0.0,0.0,0,0,0,0,0,0
2021-22,2021-22:1610612740:1610612756,0042100143,2022-04-22,away,PHX,NOP,1,0.6116,0.67299,0.466467,0.0,0.0,0.0,0.0,0.0,0.0,0,0,0,0,0,0
2021-22,2021-22:1610612738:1610612751,0042100113,2022-04-23,home,BKN,BOS,0,0.4414,0.362341,0.567354,0.0,0.0,0.0,0.0,0.0,0.0,0,0,0,0,0,0
2021-22,2021-22:1610612738:1610612751,0042100113,2022-04-23,away,BOS,BKN,1,0.5586,0.637659,0.432646,0.0,0.0,0.0,0.0,0.0,0.0,0,0,0,0,0,0
2021-22,2021-22:1610612755:1610612761,0042100134,2022-04-23,home,TOR,PHI,1,0.5008,0.486959,0.47622,0.0,0.0,0.0,0.0,0.0,0.0,0,0,0,0,0,0
2021-22,2021-22:1610612755:1610612761,0042100134,2022-04-23,away,PHI,TOR,0,0.4992,0.513041,0.52378,0.0,0.0,0.0,0.0,0.0,0.0,0,0,0,0,0,0
2021-22,2021-22:1610612750:1610612763,0042100154,2022-04-23,home,MIN,MEM,1,0.5278,0.443718,0.559066,0.0,0.0,0.0,0.0,0.0,0.0,0,0,0,0,0,0
2021-22,2021-22:1610612750:1610612763,0042100154,2022-04-23,away,MEM,MIN,0,0.4722,0.556282,0.440934,0.0,0.0,0.0,0.0,0.0,0.0,0,0,0,0,0,0
2021-22,2021-22:1610612742:1610612762,0042100174,2022-04-23,home,UTA,DAL,1,0.7708,0.558428,0.578143,0.0,0.0,0.0,0.0,0.0,0.0,0,0,0,0,0,0
2021-22,2021-22:1610612742:1610612762,0042100174,2022-04-23,away,DAL,UTA,0,0.2292,0.441572,0.421857,0.0,0.0,0.0,0.0,0.0,0.0,0,0,0,0,0,0
2021-22,2021-22:1610612737:1610612748,0042100104,2022-04-24,home,ATL,MIA,0,0.4676,0.437288,0.536724,0.0,0.0,0.0,0.0,0.0,0.0,0,0,0,0,0,0
2021-22,2021-22:1610612737:1610612748,0042100104,2022-04-24,away,MIA,ATL,1,0.5324,0.562712,0.463276,0.0,0.0,0.0,0.0,0.0,0.0,0,0,0,0,0,0
2021-22,2021-22:1610612741:1610612749,0042100124,2022-04-24,home,CHI,MIL,0,0.4643,0.420252,0.325991,0.0,0.0,0.0,0.0,0.0,0.0,0,0,0,0,0,0
2021-22,2021-22:1610612741:1610612749,0042100124,2022-04-24,away,MIL,CHI,1,0.5357,0.579748,0.674009,0.0,0.0,0.0,0.0,0.0,0.0,0,0,0,0,0,0
2021-22,2021-22:1610612740:1610612756,0042100144,2022-04-24,home,NOP,PHX,1,0.3822,0.32701,0.491007,0.0,0.0,0.0,0.0,0.0,0.0,0,0,0,0,0,0
2021-22,2021-22:1610612740:1610612756,0042100144,2022-04-24,away,PHX,NOP,0,0.6178,0.67299,0.508993,0.0,0.0,0.0,0.0,0.0,0.0,0,0,0,0,0,0
2021-22,2021-22:1610612743:1610612744,0042100164,2022-04-24,home,DEN,GSW,1,0.5382,0.43088,0.326574,0.0,0.0,0.0,0.0,0.0,0.0,0,0,0,0,0,0
2021-22,2021-22:1610612743:1610612744,0042100164,2022-04-24,away,GSW,DEN,0,0.4618,0.56912,0.673426,0.0,0.0,0.0,0.0,0.0,0.0,0,0,0,0,0,0
2021-22,2021-22:1610612738:1610612751,0042100114,2022-04-25,home,BKN,BOS,0,0.4324,0.362341,0.504213,0.0,0.0,0.0,0.0,0.0,0.0,0,0,0,0,0,0
2021-22,2021-22:1610612738:1610612751,0042100114,2022-04-25,away,BOS,BKN,1,0.5676,0.637659,0.495787,0.0,0.0,0.0,0.0,0.0,0.0,0,0,0,0,0,0
2021-22,2021-22:1610612755:1610612761,0042100135,2022-04-25,home,PHI,TOR,0,0.649,0.513041,0.640731,0.0,0.0,0.0,0.0,0.0,0.0,0,0,0,0,0,0
2021-22,2021-22:1610612755:1610612761,0042100135,2022-04-25,away,TOR,PHI,1,0.351,0.486959,0.359269,0.0,0.0,0.0,0.0,0.0,0.0,0,0,0,0,0,0
2021-22,2021-22:1610612742:1610612762,0042100175,2022-04-25,home,DAL,UTA,1,0.3429,0.441572,0.58323,0.0,0.0,0.0,0.0,0.0,0.0,0,0,0,0,0,0
2021-22,2021-22:1610612742:1610612762,0042100175,2022-04-25,away,UTA,DAL,0,0.6571,0.558428,0.41677,0.0,0.0,0.0,0.0,0.0,0.0,0,0,0,0,0,0
2021-22,2021-22:1610612737:1610612748,0042100105,2022-04-26,home,MIA,ATL,1,0.7127,0.562712,0.730859,0.0,0.0,0.0,0.0,0.0,0.0,0,0,0,0,0,0
2021-22,2021-22:1610612737:1610612748,0042100105,2022-04-26,away,ATL,MIA,0,0.2873,0.437288,0.269141,0.0,0.0,0.0,0.0,0.0,0.0,0,0,0,0,0,0
2021-22,2021-22:1610612740:1610612756,0042100145,2022-04-26,home,PHX,NOP,1,0.7196,0.67299,0.612864,0.0,0.0,0.0,0.0,0.0,0.0,0,0,0,0,0,0
2021-22,2021-22:1610612740:1610612756,0042100145,2022-04-26,away,NOP,PHX,0,0.2804,0.32701,0.387136,0.0,0.0,0.0,0.0,0.0,0.0,0,0,0,0,0,0
2021-22,2021-22:1610612750:1610612763,0042100155,2022-04-26,home,MEM,MIN,1,0.5844,0.556282,0.600954,0.0,0.0,0.0,0.0,0.0,0.0,0,0,0,0,0,0
2021-22,2021-22:1610612750:1610612763,0042100155,2022-04-26,away,MIN,MEM,0,0.4156,0.443718,0.399046,0.0,0.0,0.0,0.0,0.0,0.0,0,0,0,0,0,0
2021-22,2021-22:1610612741:1610612749,0042100125,2022-04-27,home,MIL,CHI,1,0.6991,0.579748,0.847655,0.0,0.0,0.0,0.0,0.0,0.0,0,0,0,0,0,0
2021-22,2021-22:1610612741:1610612749,0042100125,2022-04-27,away,CHI,MIL,0,0.3009,0.420252,0.152345,0.0,0.0,0.0,0.0,0.0,0.0,0,0,0,0,0,0
2021-22,2021-22:1610612743:1610612744,0042100165,2022-04-27,home,GSW,DEN,1,0.6199,0.56912,0.767496,0.0,0.0,0.0,0.0,0.0,0.0,0,0,0,0,0,0
2021-22,2021-22:1610612743:1610612744,0042100165,2022-04-27,away,DEN,GSW,0,0.3801,0.43088,0.232504,0.0,0.0,0.0,0.0,0.0,0.0,0,0,0,0,0,0
2021-22,2021-22:1610612755:1610612761,0042100136,2022-04-28,home,TOR,PHI,0,0.518,0.486959,0.640804,0.0,0.0,0.0,0.0,0.0,0.0,0,0,0,0,0,0
2021-22,2021-22:1610612755:1610612761,0042100136,2022-04-28,away,PHI,TOR,1,0.482,0.513041,0.359196,0.0,0.0,0.0,0.0,0.0,0.0,0,0,0,0,0,0
2021-22,2021-22:1610612740:1610612756,0042100146,2022-04-28,home,NOP,PHX,0,0.431,0.32701,0.510454,0.0,0.0,0.0,0.0,0.0,0.0,0,0,0,0,0,0
2021-22,2021-22:1610612740:1610612756,0042100146,2022-04-28,away,PHX,NOP,1,0.569,0.67299,0.489546,0.0,0.0,0.0,0.0,0.0,0.0,0,0,0,0,0,0
2021-22,2021-22:1610612742:1610612762,0042100176,2022-04-28,home,UTA,DAL,0,0.7656,0.558428,0.524887,0.0,0.0,0.0,0.0,0.0,0.0,0,0,0,0,0,0
2021-22,2021-22:1610612742:1610612762,0042100176,2022-04-28,away,DAL,UTA,1,0.2344,0.441572,0.475113,0.0,0.0,0.0,0.0,0.0,0.0,0,0,0,0,0,0
2021-22,2021-22:1610612750:1610612763,0042100156,2022-04-29,home,MIN,MEM,0,0.5455,0.443718,0.55921,0.0,0.0,0.0,0.0,0.0,0.0,0,0,0,0,0,0
2021-22,2021-22:1610612750:1610612763,0042100156,2022-04-29,away,MEM,MIN,1,0.4545,0.556282,0.44079,0.0,0.0,0.0,0.0,0.0,0.0,0,0,0,0,0,0
2021-22,2021-22:1610612738:1610612749,0042100211,2022-05-01,home,BOS,MIL,0,0.7306,0.604939,0.407597,0.0,0.0,0.0,0.0,0.0,0.0,0,0,0,0,0,0
2021-22,2021-22:1610612738:1610612749,0042100211,2022-05-01,away,MIL,BOS,1,0.2694,0.395061,0.592403,0.0,0.0,0.0,0.0,0.0,0.0,0,0,0,0,0,0
2021-22,2021-22:1610612744:1610612763,0042100231,2022-05-01,home,MEM,GSW,0,0.4389,0.480445,0.433129,0.0,0.0,0.0,0.0,0.0,0.0,0,0,0,0,0,0
2021-22,2021-22:1610612744:1610612763,0042100231,2022-05-01,away,GSW,MEM,1,0.5611,0.519555,0.566871,0.0,0.0,0.0,0.0,0.0,0.0,0,0,0,0,0,0
2021-22,2021-22:1610612748:1610612755,0042100201,2022-05-02,home,MIA,PHI,1,0.7352,0.551985,0.553535,0.0,0.0,0.0,0.0,0.0,0.0,0,0,0,0,0,0
2021-22,2021-22:1610612748:1610612755,0042100201,2022-05-02,away,PHI,MIA,0,0.2648,0.448015,0.446465,0.0,0.0,0.0,0.0,0.0,0.0,0,0,0,0,0,0
2021-22,2021-22:1610612742:1610612756,0042100221,2022-05-02,home,PHX,DAL,1,0.6171,0.58609,0.734968,0.0,0.0,0.0,0.0,0.0,0.0,0,0,0,0,0,0
2021-22,2021-22:1610612742:1610612756,0042100221,2022-05-02,away,DAL,PHX,0,0.3829,0.41391,0.265032,0.0,0.0,0.0,0.0,0.0,0.0,0,0,0,0,0,0
2021-22,2021-22:1610612738:1610612749,0042100212,2022-05-03,home,BOS,MIL,1,0.6708,0.590303,0.351002,0.0,0.0,0.0,0.0,0.0,0.0,0,0,0,0,0,0
2021-22,2021-22:1610612738:1610612749,0042100212,2022-05-03,away,MIL,BOS,0,0.3292,0.409697,0.648998,0.0,0.0,0.0,0.0,0.0,0.0,0,0,0,0,0,0
2021-22,2021-22:1610612744:1610612763,0042100232,2022-05-03,home,MEM,GSW,1,0.4166,0.495652,0.408824,0.0,0.0,0.0,0.0,0.0,0.0,0,0,0,0,0,0
2021-22,2021-22:1610612744:1610612763,0042100232,2022-05-03,away,GSW,MEM,0,0.5834,0.504348,0.591176,0.0,0.0,0.0,0.0,0.0,0.0,0,0,0,0,0,0
2021-22,2021-22:1610612748:1610612755,0042100202,2022-05-04,home,MIA,PHI,1,0.6945,0.536889,0.620897,0.0,0.0,0.0,0.0,0.0,0.0,0,0,0,0,0,0
2021-22,2021-22:1610612748:1610612755,0042100202,2022-05-04,away,PHI,MIA,0,0.3055,0.463111,0.379103,0.0,0.0,0.0,0.0,0.0,0.0,0,0,0,0,0,0
2021-22,2021-22:1610612742:1610612756,0042100222,2022-05-04,home,PHX,DAL,1,0.666,0.58609,0.75894,0.0,0.0,0.0,0.0,0.0,0.0,0,0,0,0,0,0
2021-22,2021-22:1610612742:1610612756,0042100222,2022-05-04,away,DAL,PHX,0,0.334,0.41391,0.24106,0.0,0.0,0.0,0.0,0.0,0.0,0,0,0,0,0,0
2021-22,2021-22:1610612748:1610612755,0042100203,2022-05-06,home,PHI,MIA,1,0.4329,0.463111,0.501917,0.0,0.0,0.0,0.0,0.0,0.0,0,0,0,0,0,0
2021-22,2021-22:1610612748:1610612755,0042100203,2022-05-06,away,MIA,PHI,0,0.5671,0.536889,0.498083,0.0,0.0,0.0,0.0,0.0,0.0,0,0,0,0,0,0
2021-22,2021-22:1610612742:1610612756,0042100223,2022-05-06,home,DAL,PHX,1,0.4809,0.41391,0.361808,0.0,0.0,0.0,0.0,0.0,0.0,0,0,0,0,0,0
2021-22,2021-22:1610612742:1610612756,0042100223,2022-05-06,away,PHX,DAL,0,0.5191,0.58609,0.638192,0.0,0.0,0.0,0.0,0.0,0.0,0,0,0,0,0,0
2021-22,2021-22:1610612738:1610612749,0042100213,2022-05-07,home,MIL,BOS,1,0.4773,0.409697,0.708489,0.0,0.0,0.0,0.0,0.0,0.0,0,0,0,0,0,0
2021-22,2021-22:1610612738:1610612749,0042100213,2022-05-07,away,BOS,MIL,0,0.5227,0.590303,0.291511,0.0,0.0,0.0,0.0,0.0,0.0,0,0,0,0,0,0
2021-22,2021-22:1610612744:1610612763,0042100233,2022-05-07,home,GSW,MEM,1,0.7138,0.504348,0.705425,0.0,0.0,0.0,0.0,0.0,0.0,0,0,0,0,0,0
2021-22,2021-22:1610612744:1610612763,0042100233,2022-05-07,away,MEM,GSW,0,0.2862,0.495652,0.294575,0.0,0.0,0.0,0.0,0.0,0.0,0,0,0,0,0,0
2021-22,2021-22:1610612748:1610612755,0042100204,2022-05-08,home,PHI,MIA,1,0.43,0.463111,0.588275,0.0,0.0,0.0,0.0,0.0,0.0,0,0,0,0,0,0
2021-22,2021-22:1610612748:1610612755,0042100204,2022-05-08,away,MIA,PHI,0,0.57,0.536889,0.411725,0.0,0.0,0.0,0.0,0.0,0.0,0,0,0,0,0,0
2021-22,2021-22:1610612742:1610612756,0042100224,2022-05-08,home,DAL,PHX,1,0.4831,0.41391,0.442958,0.0,0.0,0.0,0.0,0.0,0.0,0,0,0,0,0,0
2021-22,2021-22:1610612742:1610612756,0042100224,2022-05-08,away,PHX,DAL,0,0.5169,0.58609,0.557042,0.0,0.0,0.0,0.0,0.0,0.0,0,0,0,0,0,0
2021-22,2021-22:1610612738:1610612749,0042100214,2022-05-09,home,MIL,BOS,0,0.4944,0.409697,0.723482,0.0,0.0,0.0,0.0,0.0,0.0,0,0,0,0,0,0
2021-22,2021-22:1610612738:1610612749,0042100214,2022-05-09,away,BOS,MIL,1,0.5056,0.590303,0.276518,0.0,0.0,0.0,0.0,0.0,0.0,0,0,0,0,0,0
2021-22,2021-22:1610612744:1610612763,0042100234,2022-05-09,home,GSW,MEM,1,0.7202,0.504348,0.751418,0.0,0.0,0.0,0.0,0.0,0.0,0,0,0,0,0,0
2021-22,2021-22:1610612744:1610612763,0042100234,2022-05-09,away,MEM,GSW,0,0.2798,0.495652,0.248582,0.0,0.0,0.0,0.0,0.0,0.0,0,0,0,0,0,0
2021-22,2021-22:1610612748:1610612755,0042100205,2022-05-10,home,MIA,PHI,1,0.7317,0.536889,0.545672,0.0,0.0,0.0,0.0,0.0,0.0,0,0,0,0,0,0
2021-22,2021-22:1610612748:1610612755,0042100205,2022-05-10,away,PHI,MIA,0,0.2683,0.463111,0.454328,0.0,0.0,0.0,0.0,0.0,0.0,0,0,0,0,0,0
2021-22,2021-22:1610612742:1610612756,0042100225,2022-05-10,home,PHX,DAL,1,0.6623,0.58609,0.66149,0.0,0.0,0.0,0.0,0.0,0.0,0,0,0,0,0,0
2021-22,2021-22:1610612742:1610612756,0042100225,2022-05-10,away,DAL,PHX,0,0.3377,0.41391,0.33851,0.0,0.0,0.0,0.0,0.0,0.0,0,0,0,0,0,0
2021-22,2021-22:1610612738:1610612749,0042100215,2022-05-11,home,BOS,MIL,0,0.6284,0.590303,0.538069,0.0,0.0,0.0,0.0,0.0,0.0,0,0,0,0,0,0
2021-22,2021-22:1610612738:1610612749,0042100215,2022-05-11,away,MIL,BOS,1,0.3716,0.409697,0.461931,0.0,0.0,0.0,0.0,0.0,0.0,0,0,0,0,0,0
2021-22,2021-22:1610612744:1610612763,0042100235,2022-05-11,home,MEM,GSW,1,0.4247,0.495652,0.392409,0.0,0.0,0.0,0.0,0.0,0.0,0,0,0,0,0,0
2021-22,2021-22:1610612744:1610612763,0042100235,2022-05-11,away,GSW,MEM,0,0.5753,0.504348,0.607591,0.0,0.0,0.0,0.0,0.0,0.0,0,0,0,0,0,0
2021-22,2021-22:1610612748:1610612755,0042100206,2022-05-12,home,PHI,MIA,0,0.4213,0.463111,0.547422,0.0,0.0,0.0,0.0,0.0,0.0,0,0,0,0,0,0
2021-22,2021-22:1610612748:1610612755,0042100206,2022-05-12,away,MIA,PHI,1,0.5787,0.536889,0.452578,0.0,0.0,0.0,0.0,0.0,0.0,0,0,0,0,0,0
2021-22,2021-22:1610612742:1610612756,0042100226,2022-05-12,home,DAL,PHX,1,0.4736,0.41391,0.452825,0.0,0.0,0.0,0.0,0.0,0.0,0,0,0,0,0,0
2021-22,2021-22:1610612742:1610612756,0042100226,2022-05-12,away,PHX,DAL,0,0.5264,0.58609,0.547175,0.0,0.0,0.0,0.0,0.0,0.0,0,0,0,0,0,0
2021-22,2021-22:1610612738:1610612749,0042100216,2022-05-13,home,MIL,BOS,0,0.5608,0.409697,0.682985,0.0,0.0,0.0,0.0,0.0,0.0,0,0,0,0,0,0
2021-22,2021-22:1610612738:1610612749,0042100216,2022-05-13,away,BOS,MIL,1,0.4392,0.590303,0.317015,0.0,0.0,0.0,0.0,0.0,0.0,0,0,0,0,0,0
2021-22,2021-22:1610612744:1610612763,0042100236,2022-05-13,home,GSW,MEM,1,0.6773,0.504348,0.661381,0.0,0.0,0.0,0.0,0.0,0.0,0,0,0,0,0,0
2021-22,2021-22:1610612744:1610612763,0042100236,2022-05-13,away,MEM,GSW,0,0.3227,0.495652,0.338619,0.0,0.0,0.0,0.0,0.0,0.0,0,0,0,0,0,0
2021-22,2021-22:1610612738:1610612749,0042100217,2022-05-15,home,BOS,MIL,1,0.5835,0.590303,0.597689,0.0,0.0,0.0,0.0,0.0,0.0,0,0,0,0,0,0
2021-22,2021-22:1610612738:1610612749,0042100217,2022-05-15,away,MIL,BOS,0,0.4165,0.409697,0.402311,0.0,0.0,0.0,0.0,0.0,0.0,0,0,0,0,0,0
2021-22,2021-22:1610612742:1610612756,0042100227,2022-05-15,home,PHX,DAL,0,0.6765,0.58609,0.626627,0.0,0.0,0.0,0.0,0.0,0.0,0,0,0,0,0,0
2021-22,2021-22:1610612742:1610612756,0042100227,2022-05-15,away,DAL,PHX,1,0.3235,0.41391,0.373373,0.0,0.0,0.0,0.0,0.0,0.0,0,0,0,0,0,0
2021-22,2021-22:1610612738:1610612748,0042100301,2022-05-17,home,MIA,BOS,1,0.6932,0.459869,0.531951,0.0,0.0,0.0,0.0,0.0,0.0,0,0,0,0,0,0
2021-22,2021-22:1610612738:1610612748,0042100301,2022-05-17,away,BOS,MIA,0,0.3068,0.540131,0.468049,0.0,0.0,0.0,0.0,0.0,0.0,0,0,0,0,0,0
2021-22,2021-22:1610612742:1610612744,0042100311,2022-05-18,home,GSW,DAL,1,0.6398,0.558428,0.609662,0.0,0.0,0.0,0.0,0.0,0.0,0,0,0,0,0,0
2021-22,2021-22:1610612742:1610612744,0042100311,2022-05-18,away,DAL,GSW,0,0.3602,0.441572,0.390338,0.0,0.0,0.0,0.0,0.0,0.0,0,0,0,0,0,0
2021-22,2021-22:1610612738:1610612748,0042100302,2022-05-19,home,MIA,BOS,0,0.6825,0.437288,0.597674,0.0,0.0,0.0,0.0,0.0,0.0,0,0,0,0,0,0
2021-22,2021-22:1610612738:1610612748,0042100302,2022-05-19,away,BOS,MIA,1,0.3175,0.562712,0.402326,0.0,0.0,0.0,0.0,0.0,0.0,0,0,0,0,0,0
2021-22,2021-22:1610612742:1610612744,0042100312,2022-05-20,home,GSW,DAL,1,0.5989,0.543369,0.676717,0.0,0.0,0.0,0.0,0.0,0.0,0,0,0,0,0,0
2021-22,2021-22:1610612742:1610612744,0042100312,2022-05-20,away,DAL,GSW,0,0.4011,0.456631,0.323283,0.0,0.0,0.0,0.0,0.0,0.0,0,0,0,0,0,0
2021-22,2021-22:1610612738:1610612748,0042100303,2022-05-21,home,BOS,MIA,0,0.4969,0.562712,0.690174,0.0,0.0,0.0,0.0,0.0,0.0,0,0,0,0,0,0
2021-22,2021-22:1610612738:1610612748,0042100303,2022-05-21,away,MIA,BOS,1,0.5031,0.437288,0.309826,0.0,0.0,0.0,0.0,0.0,0.0,0,0,0,0,0,0
2021-22,2021-22:1610612742:1610612744,0042100313,2022-05-22,home,DAL,GSW,0,0.5437,0.456631,0.459641,0.0,0.0,0.0,0.0,0.0,0.0,0,0,0,0,0,0
2021-22,2021-22:1610612742:1610612744,0042100313,2022-05-22,away,GSW,DAL,1,0.4563,0.543369,0.540359,0.0,0.0,0.0,0.0,0.0,0.0,0,0,0,0,0,0
2021-22,2021-22:1610612738:1610612748,0042100304,2022-05-23,home,BOS,MIA,1,0.5029,0.562712,0.620505,0.0,0.0,0.0,0.0,0.0,0.0,0,0,0,0,0,0
2021-22,2021-22:1610612738:1610612748,0042100304,2022-05-23,away,MIA,BOS,0,0.4971,0.437288,0.379495,0.0,0.0,0.0,0.0,0.0,0.0,0,0,0,0,0,0
2021-22,2021-22:1610612742:1610612744,0042100314,2022-05-24,home,DAL,GSW,1,0.5078,0.456631,0.399995,0.0,0.0,0.0,0.0,0.0,0.0,0,0,0,0,0,0
2021-22,2021-22:1610612742:1610612744,0042100314,2022-05-24,away,GSW,DAL,0,0.4922,0.543369,0.600005,0.0,0.0,0.0,0.0,0.0,0.0,0,0,0,0,0,0
2021-22,2021-22:1610612738:1610612748,0042100305,2022-05-25,home,MIA,BOS,0,0.6473,0.437288,0.497653,0.0,0.0,0.0,0.0,0.0,0.0,0,0,0,0,0,0
2021-22,2021-22:1610612738:1610612748,0042100305,2022-05-25,away,BOS,MIA,1,0.3527,0.562712,0.502347,0.0,0.0,0.0,0.0,0.0,0.0,0,0,0,0,0,0
2021-22,2021-22:1610612742:1610612744,0042100315,2022-05-26,home,GSW,DAL,1,0.6179,0.543369,0.694775,0.0,0.0,0.0,0.0,0.0,0.0,0,0,0,0,0,0
2021-22,2021-22:1610612742:1610612744,0042100315,2022-05-26,away,DAL,GSW,0,0.3821,0.456631,0.305225,0.0,0.0,0.0,0.0,0.0,0.0,0,0,0,0,0,0
2021-22,2021-22:1610612738:1610612748,0042100306,2022-05-27,home,BOS,MIA,0,0.5091,0.562712,0.742716,0.0,0.0,0.0,0.0,0.0,0.0,0,0,0,0,0,0
2021-22,2021-22:1610612738:1610612748,0042100306,2022-05-27,away,MIA,BOS,1,0.4909,0.437288,0.257284,0.0,0.0,0.0,0.0,0.0,0.0,0,0,0,0,0,0
2021-22,2021-22:1610612738:1610612748,0042100307,2022-05-29,home,MIA,BOS,0,0.6636,0.437288,0.515986,0.0,0.0,0.0,0.0,0.0,0.0,0,0,0,0,0,0
2021-22,2021-22:1610612738:1610612748,0042100307,2022-05-29,away,BOS,MIA,1,0.3364,0.562712,0.484014,0.0,0.0,0.0,0.0,0.0,0.0,0,0,0,0,0,0
2021-22,2021-22:1610612738:1610612744,0042100401,2022-06-02,home,GSW,BOS,0,0.6263,0.48153,0.534939,0.0,0.0,0.0,0.0,0.0,0.0,0,0,0,0,0,0
2021-22,2021-22:1610612738:1610612744,0042100401,2022-06-02,away,BOS,GSW,1,0.3737,0.51847,0.465061,0.0,0.0,0.0,0.0,0.0,0.0,0,0,0,0,0,0
2021-22,2021-22:1610612738:1610612744,0042100402,2022-06-05,home,GSW,BOS,1,0.5318,0.458789,0.456126,0.0,0.0,0.0,0.0,0.0,0.0,0,0,0,0,0,0
2021-22,2021-22:1610612738:1610612744,0042100402,2022-06-05,away,BOS,GSW,0,0.4682,0.541211,0.543874,0.0,0.0,0.0,0.0,0.0,0.0,0,0,0,0,0,0
2021-22,2021-22:1610612738:1610612744,0042100403,2022-06-08,home,BOS,GSW,1,0.6337,0.541211,0.633934,0.0,0.0,0.0,0.0,0.0,0.0,0,0,0,0,0,0
2021-22,2021-22:1610612738:1610612744,0042100403,2022-06-08,away,GSW,BOS,0,0.3663,0.458789,0.366066,0.0,0.0,0.0,0.0,0.0,0.0,0,0,0,0,0,0
2021-22,2021-22:1610612738:1610612744,0042100404,2022-06-10,home,BOS,GSW,0,0.637,0.541211,0.687389,0.0,0.0,0.0,0.0,0.0,0.0,0,0,0,0,0,0
2021-22,2021-22:1610612738:1610612744,0042100404,2022-06-10,away,GSW,BOS,1,0.363,0.458789,0.312611,0.0,0.0,0.0,0.0,0.0,0.0,0,0,0,0,0,0
2021-22,2021-22:1610612738:1610612744,0042100405,2022-06-13,home,GSW,BOS,1,0.5294,0.458789,0.584174,0.0,0.0,0.0,0.0,0.0,0.0,0,0,0,0,0,0
2021-22,2021-22:1610612738:1610612744,0042100405,2022-06-13,away,BOS,GSW,0,0.4706,0.541211,0.415826,0.0,0.0,0.0,0.0,0.0,0.0,0,0,0,0,0,0
2021-22,2021-22:1610612738:1610612744,0042100406,2022-06-16,home,BOS,GSW,0,0.6284,0.541211,0.544585,0.0,0.0,0.0,0.0,0.0,0.0,0,0,0,0,0,0
2021-22,2021-22:1610612738:1610612744,0042100406,2022-06-16,away,GSW,BOS,1,0.3716,0.458789,0.455415,0.0,0.0,0.0,0.0,0.0,0.0,0,0,0,0,0,0
2022-23,2022-23:1610612737:1610612738,0042200111,2023-04-15,home,BOS,ATL,1,0.8057,0.639666,0.757662,0.0,0.0,0.0,0.0,0.0,0.0,0,0,0,0,0,0
2022-23,2022-23:1610612737:1610612738,0042200111,2023-04-15,away,ATL,BOS,0,0.1943,0.360334,0.242338,0.0,0.0,0.0,0.0,0.0,0.0,0,0,0,0,0,0
2022-23,2022-23:1610612751:1610612755,0042200121,2023-04-15,home,PHI,BKN,1,0.6924,0.571251,0.656487,0.0,0.0,0.0,0.0,0.0,0.0,0,0,0,0,0,0
2022-23,2022-23:1610612751:1610612755,0042200121,2023-04-15,away,BKN,PHI,0,0.3076,0.428749,0.343513,0.0,0.0,0.0,0.0,0.0,0.0,0,0,0,0,0,0
2022-23,2022-23:1610612739:1610612752,0042200131,2023-04-15,home,CLE,NYK,0,0.6938,0.560571,0.672608,0.0,0.0,0.0,0.0,0.0,0.0,0,0,0,0,0,0
2022-23,2022-23:1610612739:1610612752,0042200131,2023-04-15,away,NYK,CLE,1,0.3062,0.439429,0.327392,0.0,0.0,0.0,0.0,0.0,0.0,0,0,0,0,0,0
2022-23,2022-23:1610612744:1610612758,0042200161,2023-04-15,home,SAC,GSW,1,0.5627,0.519555,0.376754,0.0,0.0,0.0,0.0,0.0,0.0,0,0,0,0,0,0
2022-23,2022-23:1610612744:1610612758,0042200161,2023-04-15,away,GSW,SAC,0,0.4373,0.480445,0.623246,0.0,0.0,0.0,0.0,0.0,0.0,0,0,0,0,0,0
2022-23,2022-23:1610612748:1610612749,0042200101,2023-04-16,home,MIL,MIA,0,0.7149,0.583979,0.599725,0.0,0.0,0.0,0.0,0.0,0.0,0,0,0,0,0,0
2022-23,2022-23:1610612748:1610612749,0042200101,2023-04-16,away,MIA,MIL,1,0.2851,0.416021,0.400275,0.0,0.0,0.0,0.0,0.0,0.0,0,0,0,0,0,0
2022-23,2022-23:1610612743:1610612750,0042200141,2023-04-16,home,DEN,MIN,1,0.7432,0.566986,0.620414,0.0,0.0,0.0,0.0,0.0,0.0,0,0,0,0,0,0
2022-23,2022-23:1610612743:1610612750,0042200141,2023-04-16,away,MIN,DEN,0,0.2568,0.433014,0.379586,0.0,0.0,0.0,0.0,0.0,0.0,0,0,0,0,0,0
2022-23,2022-23:1610612747:1610612763,0042200151,2023-04-16,home,MEM,LAL,0,0.6697,0.571251,0.55469,0.0,0.0,0.0,0.0,0.0,0.0,0,0,0,0,0,0
2022-23,2022-23:1610612747:1610612763,0042200151,2023-04-16,away,LAL,MEM,1,0.3303,0.428749,0.44531,0.0,0.0,0.0,0.0,0.0,0.0,0,0,0,0,0,0
2022-23,2022-23:1610612746:1610612756,0042200171,2023-04-16,home,PHX,LAC,0,0.5695,0.536889,0.537432,0.0,0.0,0.0,0.0,0.0,0.0,0,0,0,0,0,0
2022-23,2022-23:1610612746:1610612756,0042200171,2023-04-16,away,LAC,PHX,1,0.4305,0.463111,0.462568,0.0,0.0,0.0,0.0,0.0,0.0,0,0,0,0,0,0
2022-23,2022-23:1610612751:1610612755,0042200122,2023-04-17,home,PHI,BKN,1,0.672,0.571251,0.708578,0.0,0.0,0.0,0.0,0.0,0.0,0,0,0,0,0,0
2022-23,2022-23:1610612751:1610612755,0042200122,2023-04-17,away,BKN,PHI,0,0.328,0.428749,0.291422,0.0,0.0,0.0,0.0,0.0,0.0,0,0,0,0,0,0
2022-23,2022-23:1610612744:1610612758,0042200162,2023-04-17,home,SAC,GSW,1,0.5672,0.519555,0.424481,0.0,0.0,0.0,0.0,0.0,0.0,0,0,0,0,0,0
2022-23,2022-23:1610612744:1610612758,0042200162,2023-04-17,away,GSW,SAC,0,0.4328,0.480445,0.575519,0.0,0.0,0.0,0.0,0.0,0.0,0,0,0,0,0,0
2022-23,2022-23:1610612737:1610612738,0042200112,2023-04-18,home,BOS,ATL,1,0.7775,0.639666,0.783667,0.0,0.0,0.0,0.0,0.0,0.0,0,0,0,0,0,0
2022-23,2022-23:1610612737:1610612738,0042200112,2023-04-18,away,ATL,BOS,0,0.2225,0.360334,0.216333,0.0,0.0,0.0,0.0,0.0,0.0,0,0,0,0,0,0
2022-23,2022-23:1610612739:1610612752,0042200132,2023-04-18,home,CLE,NYK,1,0.6901,0.560571,0.61556,0.0,0.0,0.0,0.0,0.0,0.0,0,0,0,0,0,0
2022-23,2022-23:1610612739:1610612752,0042200132,2023-04-18,away,NYK,CLE,0,0.3099,0.439429,0.38444,0.0,0.0,0.0,0.0,0.0,0.0,0,0,0,0,0,0
2022-23,2022-23:1610612746:1610612756,0042200172,2023-04-18,home,PHX,LAC,1,0.5843,0.536889,0.482078,0.0,0.0,0.0,0.0,0.0,0.0,0,0,0,0,0,0
2022-23,2022-23:1610612746:1610612756,0042200172,2023-04-18,away,LAC,PHX,0,0.4157,0.463111,0.517922,0.0,0.0,0.0,0.0,0.0,0.0,0,0,0,0,0,0
2022-23,2022-23:1610612748:1610612749,0042200102,2023-04-19,home,MIL,MIA,1,0.7631,0.583979,0.509971,0.0,0.0,0.0,0.0,0.0,0.0,0,0,0,0,0,0
2022-23,2022-23:1610612748:1610612749,0042200102,2023-04-19,away,MIA,MIL,0,0.2369,0.416021,0.490029,0.0,0.0,0.0,0.0,0.0,0.0,0,0,0,0,0,0
2022-23,2022-23:1610612743:1610612750,0042200142,2023-04-19,home,DEN,MIN,1,0.6709,0.566986,0.687526,0.0,0.0,0.0,0.0,0.0,0.0,0,0,0,0,0,0
2022-23,2022-23:1610612743:1610612750,0042200142,2023-04-19,away,MIN,DEN,0,0.3291,0.433014,0.312474,0.0,0.0,0.0,0.0,0.0,0.0,0,0,0,0,0,0
2022-23,2022-23:1610612747:1610612763,0042200152,2023-04-19,home,MEM,LAL,1,0.6997,0.571251,0.464504,0.0,0.0,0.0,0.0,0.0,0.0,0,0,0,0,0,0
2022-23,2022-23:1610612747:1610612763,0042200152,2023-04-19,away,LAL,MEM,0,0.3003,0.428749,0.535496,0.0,0.0,0.0,0.0,0.0,0.0,0,0,0,0,0,0
2022-23,2022-23:1610612751:1610612755,0042200123,2023-04-20,home,BKN,PHI,0,0.4524,0.428749,0.422563,0.0,0.0,0.0,0.0,0.0,0.0,0,0,0,0,0,0
2022-23,2022-23:1610612751:1610612755,0042200123,2023-04-20,away,PHI,BKN,1,0.5476,0.571251,0.577437,0.0,0.0,0.0,0.0,0.0,0.0,0,0,0,0,0,0
2022-23,2022-23:1610612744:1610612758,0042200163,2023-04-20,home,GSW,SAC,1,0.5864,0.480445,0.681695,0.0,0.0,0.0,0.0,0.0,0.0,0,0,0,0,0,0
2022-23,2022-23:1610612744:1610612758,0042200163,2023-04-20,away,SAC,GSW,0,0.4136,0.519555,0.318305,0.0,0.0,0.0,0.0,0.0,0.0,0,0,0,0,0,0
2022-23,2022-23:1610612746:1610612756,0042200173,2023-04-20,home,LAC,PHX,0,0.6097,0.463111,0.621779,0.0,0.0,0.0,0.0,0.0,0.0,0,0,0,0,0,0
2022-23,2022-23:1610612746:1610612756,0042200173,2023-04-20,away,PHX,LAC,1,0.3903,0.536889,0.378221,0.0,0.0,0.0,0.0,0.0,0.0,0,0,0,0,0,0
2022-23,2022-23:1610612737:1610612738,0042200113,2023-04-21,home,ATL,BOS,1,0.3549,0.360334,0.338434,0.0,0.0,0.0,0.0,0.0,0.0,0,0,0,0,0,0
2022-23,2022-23:1610612737:1610612738,0042200113,2023-04-21,away,BOS,ATL,0,0.6451,0.639666,0.661566,0.0,0.0,0.0,0.0,0.0,0.0,0,0,0,0,0,0
2022-23,2022-23:1610612739:1610612752,0042200133,2023-04-21,home,NYK,CLE,1,0.4756,0.439429,0.505435,0.0,0.0,0.0,0.0,0.0,0.0,0,0,0,0,0,0
2022-23,2022-23:1610612739:1610612752,0042200133,2023-04-21,away,CLE,NYK,0,0.5244,0.560571,0.494565,0.0,0.0,0.0,0.0,0.0,0.0,0,0,0,0,0,0
2022-23,2022-23:1610612743:1610612750,0042200143,2023-04-21,home,MIN,DEN,0,0.4309,0.433014,0.448703,0.0,0.0,0.0,0.0,0.0,0.0,0,0,0,0,0,0
2022-23,2022-23:1610612743:1610612750,0042200143,2023-04-21,away,DEN,MIN,1,0.5691,0.566986,0.551297,0.0,0.0,0.0,0.0,0.0,0.0,0,0,0,0,0,0
2022-23,2022-23:1610612748:1610612749,0042200103,2023-04-22,home,MIA,MIL,1,0.3773,0.416021,0.595987,0.0,0.0,0.0,0.0,0.0,0.0,0,0,0,0,0,0
2022-23,2022-23:1610612748:1610612749,0042200103,2023-04-22,away,MIL,MIA,0,0.6227,0.583979,0.404013,0.0,0.0,0.0,0.0,0.0,0.0,0,0,0,0,0,0
2022-23,2022-23:1610612751:1610612755,0042200124,2023-04-22,home,BKN,PHI,0,0.4485,0.428749,0.380695,0.0,0.0,0.0,0.0,0.0,0.0,0,0,0,0,0,0
2022-23,2022-23:1610612751:1610612755,0042200124,2023-04-22,away,PHI,BKN,1,0.5515,0.571251,0.619305,0.0,0.0,0.0,0.0,0.0,0.0,0,0,0,0,0,0
2022-23,2022-23:1610612747:1610612763,0042200153,2023-04-22,home,LAL,MEM,1,0.4948,0.428749,0.644488,0.0,0.0,0.0,0.0,0.0,0.0,0,0,0,0,0,0
2022-23,2022-23:1610612747:1610612763,0042200153,2023-04-22,away,MEM,LAL,0,0.5052,0.571251,0.355512,0.0,0.0,0.0,0.0,0.0,0.0,0,0,0,0,0,0
2022-23,2022-23:1610612746:1610612756,0042200174,2023-04-22,home,LAC,PHX,0,0.5748,0.463111,0.559857,0.0,0.0,0.0,0.0,0.0,0.0,0,0,0,0,0,0
2022-23,2022-23:1610612746:1610612756,0042200174,2023-04-22,away,PHX,LAC,1,0.4252,0.536889,0.440143,0.0,0.0,0.0,0.0,0.0,0.0,0,0,0,0,0,0
2022-23,2022-23:1610612737:1610612738,0042200114,2023-04-23,home,ATL,BOS,0,0.3549,0.360334,0.416884,0.0,0.0,0.0,0.0,0.0,0.0,0,0,0,0,0,0
2022-23,2022-23:1610612737:1610612738,0042200114,2023-04-23,away,BOS,ATL,1,0.6451,0.639666,0.583116,0.0,0.0,0.0,0.0,0.0,0.0,0,0,0,0,0,0
2022-23,2022-23:1610612739:1610612752,0042200134,2023-04-23,home,NYK,CLE,1,0.4959,0.439429,0.591083,0.0,0.0,0.0,0.0,0.0,0.0,0,0,0,0,0,0
2022-23,2022-23:1610612739:1610612752,0042200134,2023-04-23,away,CLE,NYK,0,0.5041,0.560571,0.408917,0.0,0.0,0.0,0.0,0.0,0.0,0,0,0,0,0,0
2022-23,2022-23:1610612743:1610612750,0042200144,2023-04-23,home,MIN,DEN,1,0.4219,0.433014,0.390834,0.0,0.0,0.0,0.0,0.0,0.0,0,0,0,0,0,0
2022-23,2022-23:1610612743:1610612750,0042200144,2023-04-23,away,DEN,MIN,0,0.5781,0.566986,0.609166,0.0,0.0,0.0,0.0,0.0,0.0,0,0,0,0,0,0
2022-23,2022-23:1610612744:1610612758,0042200164,2023-04-23,home,GSW,SAC,1,0.613,0.480445,0.7258,0.0,0.0,0.0,0.0,0.0,0.0,0,0,0,0,0,0
2022-23,2022-23:1610612744:1610612758,0042200164,2023-04-23,away,SAC,GSW,0,0.387,0.519555,0.2742,0.0,0.0,0.0,0.0,0.0,0.0,0,0,0,0,0,0
2022-23,2022-23:1610612748:1610612749,0042200104,2023-04-24,home,MIA,MIL,1,0.4017,0.416021,0.663841,0.0,0.0,0.0,0.0,0.0,0.0,0,0,0,0,0,0
2022-23,2022-23:1610612748:1610612749,0042200104,2023-04-24,away,MIL,MIA,0,0.5983,0.583979,0.336159,0.0,0.0,0.0,0.0,0.0,0.0,0,0,0,0,0,0
2022-23,2022-23:1610612747:1610612763,0042200154,2023-04-24,home,LAL,MEM,1,0.4963,0.428749,0.688086,0.0,0.0,0.0,0.0,0.0,0.0,0,0,0,0,0,0
2022-23,2022-23:1610612747:1610612763,0042200154,2023-04-24,away,MEM,LAL,0,0.5037,0.571251,0.311914,0.0,0.0,0.0,0.0,0.0,0.0,0,0,0,0,0,0
2022-23,2022-23:1610612737:1610612738,0042200115,2023-04-25,home,BOS,ATL,0,0.7755,0.639666,0.784964,0.0,0.0,0.0,0.0,0.0,0.0,0,0,0,0,0,0
2022-23,2022-23:1610612737:1610612738,0042200115,2023-04-25,away,ATL,BOS,1,0.2245,0.360334,0.215036,0.0,0.0,0.0,0.0,0.0,0.0,0,0,0,0,0,0
2022-23,2022-23:1610612743:1610612750,0042200145,2023-04-25,home,DEN,MIN,1,0.7086,0.566986,0.71488,0.0,0.0,0.0,0.0,0.0,0.0,0,0,0,0,0,0
2022-23,2022-23:1610612743:1610612750,0042200145,2023-04-25,away,MIN,DEN,0,0.2914,0.433014,0.28512,0.0,0.0,0.0,0.0,0.0,0.0,0,0,0,0,0,0
2022-23,2022-23:1610612746:1610612756,0042200175,2023-04-25,home,PHX,LAC,1,0.6044,0.536889,0.69813,0.0,0.0,0.0,0.0,0.0,0.0,0,0,0,0,0,0
2022-23,2022-23:1610612746:1610612756,0042200175,2023-04-25,away,LAC,PHX,0,0.3956,0.463111,0.30187,0.0,0.0,0.0,0.0,0.0,0.0,0,0,0,0,0,0
2022-23,2022-23:1610612748:1610612749,0042200105,2023-04-26,home,MIL,MIA,0,0.7489,0.583979,0.482306,0.0,0.0,0.0,0.0,0.0,0.0,0,0,0,0,0,0
2022-23,2022-23:1610612748:1610612749,0042200105,2023-04-26,away,MIA,MIL,1,0.2511,0.416021,0.517694,0.0,0.0,0.0,0.0,0.0,0.0,0,0,0,0,0,0
2022-23,2022-23:1610612739:1610612752,0042200135,2023-04-26,home,CLE,NYK,0,0.6389,0.560571,0.540683,0.0,0.0,0.0,0.0,0.0,0.0,0,0,0,0,0,0
2022-23,2022-23:1610612739:1610612752,0042200135,2023-04-26,away,NYK,CLE,1,0.3611,0.439429,0.459317,0.0,0.0,0.0,0.0,0.0,0.0,0,0,0,0,0,0
2022-23,2022-23:1610612747:1610612763,0042200155,2023-04-26,home,MEM,LAL,1,0.6387,0.571251,0.454475,0.0,0.0,0.0,0.0,0.0,0.0,0,0,0,0,0,0
2022-23,2022-23:1610612747:1610612763,0042200155,2023-04-26,away,LAL,MEM,0,0.3613,0.428749,0.545525,0.0,0.0,0.0,0.0,0.0,0.0,0,0,0,0,0,0
2022-23,2022-23:1610612744:1610612758,0042200165,2023-04-26,home,SAC,GSW,0,0.5361,0.519555,0.428442,0.0,0.0,0.0,0.0,0.0,0.0,0,0,0,0,0,0
2022-23,2022-23:1610612744:1610612758,0042200165,2023-04-26,away,GSW,SAC,1,0.4639,0.480445,0.571558,0.0,0.0,0.0,0.0,0.0,0.0,0,0,0,0,0,0
2022-23,2022-23:1610612737:1610612738,0042200116,2023-04-27,home,ATL,BOS,0,0.3465,0.360334,0.413886,0.0,0.0,0.0,0.0,0.0,0.0,0,0,0,0,0,0
2022-23,2022-23:1610612737:1610612738,0042200116,2023-04-27,away,BOS,ATL,1,0.6535,0.639666,0.586114,0.0,0.0,0.0,0.0,0.0,0.0,0,0,0,0,0,0
2022-23,2022-23:1610612747:1610612763,0042200156,2023-04-28,home,LAL,MEM,1,0.5193,0.428749,0.638274,0.0,0.0,0.0,0.0,0.0,0.0,0,0,0,0,0,0
2022-23,2022-23:1610612747:1610612763,0042200156,2023-04-28,away,MEM,LAL,0,0.4807,0.571251,0.361726,0.0,0.0,0.0,0.0,0.0,0.0,0,0,0,0,0,0
2022-23,2022-23:1610612744:1610612758,0042200166,2023-04-28,home,GSW,SAC,0,0.6307,0.480445,0.775859,0.0,0.0,0.0,0.0,0.0,0.0,0,0,0,0,0,0
2022-23,2022-23:1610612744:1610612758,0042200166,2023-04-28,away,SAC,GSW,1,0.3693,0.519555,0.224141,0.0,0.0,0.0,0.0,0.0,0.0,0,0,0,0,0,0
2022-23,2022-23:1610612743:1610612756,0042200221,2023-04-29,home,DEN,PHX,1,0.7878,0.523895,0.480295,0.0,0.0,0.0,0.0,0.0,0.0,0,0,0,0,0,0
2022-23,2022-23:1610612743:1610612756,0042200221,2023-04-29,away,PHX,DEN,0,0.2122,0.476105,0.519705,0.0,0.0,0.0,0.0,0.0,0.0,0,0,0,0,0,0
2022-23,2022-23:1610612744:1610612758,0042200167,2023-04-30,home,SAC,GSW,0,0.5447,0.519555,0.510455,0.0,0.0,0.0,0.0,0.0,0.0,0,0,0,0,0,0
2022-23,2022-23:1610612744:1610612758,0042200167,2023-04-30,away,GSW,SAC,1,0.4553,0.480445,0.489545,0.0,0.0,0.0,0.0,0.0,0.0,0,0,0,0,0,0
2022-23,2022-23:1610612748:1610612752,0042200201,2023-04-30,home,NYK,MIA,0,0.8708,0.571251,0.476956,0.0,0.0,0.0,0.0,0.0,0.0,0,0,0,0,0,0
2022-23,2022-23:1610612748:1610612752,0042200201,2023-04-30,away,MIA,NYK,1,0.1292,0.428749,0.523044,0.0,0.0,0.0,0.0,0.0,0.0,0,0,0,0,0,0
2022-23,2022-23:1610612738:1610612755,0042200211,2023-05-01,home,BOS,PHI,0,0.3772,0.511954,0.602982,0.0,0.0,0.0,0.0,0.0,0.0,0,0,0,0,0,0
2022-23,2022-23:1610612738:1610612755,0042200211,2023-05-01,away,PHI,BOS,1,0.6228,0.488046,0.397018,0.0,0.0,0.0,0.0,0.0,0.0,0,0,0,0,0,0
2022-23,2022-23:1610612743:1610612756,0042200222,2023-05-01,home,DEN,PHX,1,0.8149,0.523895,0.567949,0.0,0.0,0.0,0.0,0.0,0.0,0,0,0,0,0,0
2022-23,2022-23:1610612743:1610612756,0042200222,2023-05-01,away,PHX,DEN,0,0.1851,0.476105,0.432051,0.0,0.0,0.0,0.0,0.0,0.0,0,0,0,0,0,0
2022-23,2022-23:1610612748:1610612752,0042200202,2023-05-02,home,NYK,MIA,1,0.8518,0.571251,0.420527,0.0,0.0,0.0,0.0,0.0,0.0,0,0,0,0,0,0
2022-23,2022-23:1610612748:1610612752,0042200202,2023-05-02,away,MIA,NYK,0,0.1482,0.428749,0.579473,0.0,0.0,0.0,0.0,0.0,0.0,0,0,0,0,0,0
2022-23,2022-23:1610612744:1610612747,0042200231,2023-05-02,home,GSW,LAL,0,0.7115,0.506521,0.694484,0.0,0.0,0.0,0.0,0.0,0.0,0,0,0,0,0,0
2022-23,2022-23:1610612744:1610612747,0042200231,2023-05-02,away,LAL,GSW,1,0.2885,0.493479,0.305516,0.0,0.0,0.0,0.0,0.0,0.0,0,0,0,0,0,0
2022-23,2022-23:1610612738:1610612755,0042200212,2023-05-03,home,BOS,PHI,1,0.4279,0.549834,0.54846,0.0,0.0,0.0,0.0,0.0,0.0,0,0,0,0,0,0
2022-23,2022-23:1610612738:1610612755,0042200212,2023-05-03,away,PHI,BOS,0,0.5721,0.450166,0.45154,0.0,0.0,0.0,0.0,0.0,0.0,0,0,0,0,0,0
2022-23,2022-23:1610612744:1610612747,0042200232,2023-05-04,home,GSW,LAL,1,0.724,0.521725,0.630566,0.0,0.0,0.0,0.0,0.0,0.0,0,0,0,0,0,0
2022-23,2022-23:1610612744:1610612747,0042200232,2023-05-04,away,LAL,GSW,0,0.276,0.478275,0.369434,0.0,0.0,0.0,0.0,0.0,0.0,0,0,0,0,0,0
2022-23,2022-23:1610612738:1610612755,0042200213,2023-05-05,home,PHI,BOS,0,0.6971,0.450166,0.54593,0.0,0.0,0.0,0.0,0.0,0.0,0,0,0,0,0,0
2022-23,2022-23:1610612738:1610612755,0042200213,2023-05-05,away,BOS,PHI,1,0.3029,0.549834,0.45407,0.0,0.0,0.0,0.0,0.0,0.0,0,0,0,0,0,0
2022-23,2022-23:1610612743:1610612756,0042200223,2023-05-05,home,PHX,DEN,1,0.2941,0.476105,0.558802,0.0,0.0,0.0,0.0,0.0,0.0,0,0,0,0,0,0
2022-23,2022-23:1610612743:1610612756,0042200223,2023-05-05,away,DEN,PHX,0,0.7059,0.523895,0.441198,0.0,0.0,0.0,0.0,0.0,0.0,0,0,0,0,0,0
2022-23,2022-23:1610612748:1610612752,0042200203,2023-05-06,home,MIA,NYK,1,0.2612,0.428749,0.691963,0.0,0.0,0.0,0.0,0.0,0.0,0,0,0,0,0,0
2022-23,2022-23:1610612748:1610612752,0042200203,2023-05-06,away,NYK,MIA,0,0.7388,0.571251,0.308037,0.0,0.0,0.0,0.0,0.0,0.0,0,0,0,0,0,0
2022-23,2022-23:1610612744:1610612747,0042200233,2023-05-06,home,LAL,GSW,1,0.4103,0.478275,0.482567,0.0,0.0,0.0,0.0,0.0,0.0,0,0,0,0,0,0
2022-23,2022-23:1610612744:1610612747,0042200233,2023-05-06,away,GSW,LAL,0,0.5897,0.521725,0.517433,0.0,0.0,0.0,0.0,0.0,0.0,0,0,0,0,0,0
2022-23,2022-23:1610612738:1610612755,0042200214,2023-05-07,home,PHI,BOS,1,0.69,0.450166,0.465508,0.0,0.0,0.0,0.0,0.0,0.0,0,0,0,0,0,0
2022-23,2022-23:1610612738:1610612755,0042200214,2023-05-07,away,BOS,PHI,0,0.31,0.549834,0.534492,0.0,0.0,0.0,0.0,0.0,0.0,0,0,0,0,0,0
2022-23,2022-23:1610612743:1610612756,0042200224,2023-05-07,home,PHX,DEN,1,0.2894,0.476105,0.610057,0.0,0.0,0.0,0.0,0.0,0.0,0,0,0,0,0,0
2022-23,2022-23:1610612743:1610612756,0042200224,2023-05-07,away,DEN,PHX,0,0.7106,0.523895,0.389943,0.0,0.0,0.0,0.0,0.0,0.0,0,0,0,0,0,0
2022-23,2022-23:1610612748:1610612752,0042200204,2023-05-08,home,MIA,NYK,1,0.2812,0.428749,0.735322,0.0,0.0,0.0,0.0,0.0,0.0,0,0,0,0,0,0
2022-23,2022-23:1610612748:1610612752,0042200204,2023-05-08,away,NYK,MIA,0,0.7188,0.571251,0.264678,0.0,0.0,0.0,0.0,0.0,0.0,0,0,0,0,0,0
2022-23,2022-23:1610612744:1610612747,0042200234,2023-05-08,home,LAL,GSW,1,0.4239,0.478275,0.584039,0.0,0.0,0.0,0.0,0.0,0.0,0,0,0,0,0,0
2022-23,2022-23:1610612744:1610612747,0042200234,2023-05-08,away,GSW,LAL,0,0.5761,0.521725,0.415961,0.0,0.0,0.0,0.0,0.0,0.0,0,0,0,0,0,0
2022-23,2022-23:1610612738:1610612755,0042200215,2023-05-09,home,BOS,PHI,0,0.4683,0.549834,0.682104,0.0,0.0,0.0,0.0,0.0,0.0,0,0,0,0,0,0
2022-23,2022-23:1610612738:1610612755,0042200215,2023-05-09,away,PHI,BOS,1,0.5317,0.450166,0.317896,0.0,0.0,0.0,0.0,0.0,0.0,0,0,0,0,0,0
2022-23,2022-23:1610612743:1610612756,0042200225,2023-05-09,home,DEN,PHX,1,0.8094,0.523895,0.534921,0.0,0.0,0.0,0.0,0.0,0.0,0,0,0,0,0,0
2022-23,2022-23:1610612743:1610612756,0042200225,2023-05-09,away,PHX,DEN,0,0.1906,0.476105,0.465079,0.0,0.0,0.0,0.0,0.0,0.0,0,0,0,0,0,0
2022-23,2022-23:1610612748:1610612752,0042200205,2023-05-10,home,NYK,MIA,1,0.8165,0.571251,0.399545,0.0,0.0,0.0,0.0,0.0,0.0,0,0,0,0,0,0
2022-23,2022-23:1610612748:1610612752,0042200205,2023-05-10,away,MIA,NYK,0,0.1835,0.428749,0.600455,0.0,0.0,0.0,0.0,0.0,0.0,0,0,0,0,0,0
2022-23,2022-23:1610612744:1610612747,0042200235,2023-05-10,home,GSW,LAL,1,0.7213,0.521725,0.568611,0.0,0.0,0.0,0.0,0.0,0.0,0,0,0,0,0,0
2022-23,2022-23:1610612744:1610612747,0042200235,2023-05-10,away,LAL,GSW,0,0.2787,0.478275,0.431389,0.0,0.0,0.0,0.0,0.0,0.0,0,0,0,0,0,0
2022-23,2022-23:1610612738:1610612755,0042200216,2023-05-11,home,PHI,BOS,0,0.6823,0.450166,0.595737,0.0,0.0,0.0,0.0,0.0,0.0,0,0,0,0,0,0
2022-23,2022-23:1610612738:1610612755,0042200216,2023-05-11,away,BOS,PHI,1,0.3177,0.549834,0.404263,0.0,0.0,0.0,0.0,0.0,0.0,0,0,0,0,0,0
2022-23,2022-23:1610612743:1610612756,0042200226,2023-05-11,home,PHX,DEN,0,0.2974,0.476105,0.57567,0.0,0.0,0.0,0.0,0.0,0.0,0,0,0,0,0,0
2022-23,2022-23:1610612743:1610612756,0042200226,2023-05-11,away,DEN,PHX,1,0.7026,0.523895,0.42433,0.0,0.0,0.0,0.0,0.0,0.0,0,0,0,0,0,0
2022-23,2022-23:1610612748:1610612752,0042200206,2023-05-12,home,MIA,NYK,1,0.2945,0.428749,0.697906,0.0,0.0,0.0,0.0,0.0,0.0,0,0,0,0,0,0
2022-23,2022-23:1610612748:1610612752,0042200206,2023-05-12,away,NYK,MIA,0,0.7055,0.571251,0.302094,0.0,0.0,0.0,0.0,0.0,0.0,0,0,0,0,0,0
2022-23,2022-23:1610612744:1610612747,0042200236,2023-05-12,home,LAL,GSW,1,0.4262,0.478275,0.54903,0.0,0.0,0.0,0.0,0.0,0.0,0,0,0,0,0,0
2022-23,2022-23:1610612744:1610612747,0042200236,2023-05-12,away,GSW,LAL,0,0.5738,0.521725,0.45097,0.0,0.0,0.0,0.0,0.0,0.0,0,0,0,0,0,0
2022-23,2022-23:1610612738:1610612755,0042200217,2023-05-14,home,BOS,PHI,1,0.4685,0.549834,0.662948,0.0,0.0,0.0,0.0,0.0,0.0,0,0,0,0,0,0
2022-23,2022-23:1610612738:1610612755,0042200217,2023-05-14,away,PHI,BOS,0,0.5315,0.450166,0.337052,0.0,0.0,0.0,0.0,0.0,0.0,0,0,0,0,0,0
2022-23,2022-23:1610612743:1610612747,0042200311,2023-05-16,home,DEN,LAL,1,0.8138,0.563781,0.559239,0.0,0.0,0.0,0.0,0.0,0.0,0,0,0,0,0,0
2022-23,2022-23:1610612743:1610612747,0042200311,2023-05-16,away,LAL,DEN,0,0.1862,0.436219,0.440761,0.0,0.0,0.0,0.0,0.0,0.0,0,0,0,0,0,0
2022-23,2022-23:1610612738:1610612748,0042200301,2023-05-17,home,BOS,MIA,0,0.8028,0.637659,0.610449,0.0,0.0,0.0,0.0,0.0,0.0,0,0,0,0,0,0
2022-23,2022-23:1610612738:1610612748,0042200301,2023-05-17,away,MIA,BOS,1,0.1972,0.362341,0.389551,0.0,0.0,0.0,0.0,0.0,0.0,0,0,0,0,0,0
2022-23,2022-23:1610612743:1610612747,0042200312,2023-05-18,home,DEN,LAL,1,0.8207,0.556282,0.607201,0.0,0.0,0.0,0.0,0.0,0.0,0,0,0,0,0,0
2022-23,2022-23:1610612743:1610612747,0042200312,2023-05-18,away,LAL,DEN,0,0.1793,0.443718,0.392799,0.0,0.0,0.0,0.0,0.0,0.0,0,0,0,0,0,0
2022-23,2022-23:1610612738:1610612748,0042200302,2023-05-19,home,BOS,MIA,0,0.8209,0.651602,0.539147,0.0,0.0,0.0,0.0,0.0,0.0,0,0,0,0,0,0
2022-23,2022-23:1610612738:1610612748,0042200302,2023-05-19,away,MIA,BOS,1,0.1791,0.348398,0.460853,0.0,0.0,0.0,0.0,0.0,0.0,0,0,0,0,0,0
2022-23,2022-23:1610612743:1610612747,0042200313,2023-05-20,home,LAL,DEN,0,0.315,0.443718,0.53761,0.0,0.0,0.0,0.0,0.0,0.0,0,0,0,0,0,0
2022-23,2022-23:1610612743:1610612747,0042200313,2023-05-20,away,DEN,LAL,1,0.685,0.556282,0.46239,0.0,0.0,0.0,0.0,0.0,0.0,0,0,0,0,0,0
2022-23,2022-23:1610612738:1610612748,0042200303,2023-05-21,home,MIA,BOS,1,0.3065,0.348398,0.696989,0.0,0.0,0.0,0.0,0.0,0.0,0,0,0,0,0,0
2022-23,2022-23:1610612738:1610612748,0042200303,2023-05-21,away,BOS,MIA,0,0.6935,0.651602,0.303011,0.0,0.0,0.0,0.0,0.0,0.0,0,0,0,0,0,0
2022-23,2022-23:1610612743:1610612747,0042200314,2023-05-22,home,LAL,DEN,0,0.3258,0.443718,0.46086,0.0,0.0,0.0,0.0,0.0,0.0,0,0,0,0,0,0
2022-23,2022-23:1610612743:1610612747,0042200314,2023-05-22,away,DEN,LAL,1,0.6742,0.556282,0.53914,0.0,0.0,0.0,0.0,0.0,0.0,0,0,0,0,0,0
2022-23,2022-23:1610612738:1610612748,0042200304,2023-05-23,home,MIA,BOS,0,0.3047,0.348398,0.743255,0.0,0.0,0.0,0.0,0.0,0.0,0,0,0,0,0,0
2022-23,2022-23:1610612738:1610612748,0042200304,2023-05-23,away,BOS,MIA,1,0.6953,0.651602,0.256745,0.0,0.0,0.0,0.0,0.0,0.0,0,0,0,0,0,0
2022-23,2022-23:1610612738:1610612748,0042200305,2023-05-25,home,BOS,MIA,1,0.8131,0.651602,0.54489,0.0,0.0,0.0,0.0,0.0,0.0,0,0,0,0,0,0
2022-23,2022-23:1610612738:1610612748,0042200305,2023-05-25,away,MIA,BOS,0,0.1869,0.348398,0.45511,0.0,0.0,0.0,0.0,0.0,0.0,0,0,0,0,0,0
2022-23,2022-23:1610612738:1610612748,0042200306,2023-05-27,home,MIA,BOS,0,0.2855,0.348398,0.572422,0.0,0.0,0.0,0.0,0.0,0.0,0,0,0,0,0,0
2022-23,2022-23:1610612738:1610612748,0042200306,2023-05-27,away,BOS,MIA,1,0.7145,0.651602,0.427578,0.0,0.0,0.0,0.0,0.0,0.0,0,0,0,0,0,0
2022-23,2022-23:1610612738:1610612748,0042200307,2023-05-29,home,BOS,MIA,0,0.8148,0.651602,0.642999,0.0,0.0,0.0,0.0,0.0,0.0,0,0,0,0,0,0
2022-23,2022-23:1610612738:1610612748,0042200307,2023-05-29,away,MIA,BOS,1,0.1852,0.348398,0.357001,0.0,0.0,0.0,0.0,0.0,0.0,0,0,0,0,0,0
2022-23,2022-23:1610612743:1610612748,0042200401,2023-06-01,home,DEN,MIA,1,0.8752,0.623481,0.590265,0.0,0.0,0.0,0.0,0.0,0.0,0,0,0,0,0,0
2022-23,2022-23:1610612743:1610612748,0042200401,2023-06-01,away,MIA,DEN,0,0.1248,0.376519,0.409735,0.0,0.0,0.0,0.0,0.0,0.0,0,0,0,0,0,0
2022-23,2022-23:1610612743:1610612748,0042200402,2023-06-04,home,DEN,MIA,0,0.8545,0.581865,0.645542,0.0,0.0,0.0,0.0,0.0,0.0,0,0,0,0,0,0
2022-23,2022-23:1610612743:1610612748,0042200402,2023-06-04,away,MIA,DEN,1,0.1455,0.418135,0.354458,0.0,0.0,0.0,0.0,0.0,0.0,0,0,0,0,0,0
2022-23,2022-23:1610612743:1610612748,0042200403,2023-06-07,home,MIA,DEN,0,0.2343,0.418135,0.587806,0.0,0.0,0.0,0.0,0.0,0.0,0,0,0,0,0,0
2022-23,2022-23:1610612743:1610612748,0042200403,2023-06-07,away,DEN,MIA,1,0.7657,0.581865,0.412194,0.0,0.0,0.0,0.0,0.0,0.0,0,0,0,0,0,0
2022-23,2022-23:1610612743:1610612748,0042200404,2023-06-09,home,MIA,DEN,0,0.23,0.418135,0.49491,0.0,0.0,0.0,0.0,0.0,0.0,0,0,0,0,0,0
2022-23,2022-23:1610612743:1610612748,0042200404,2023-06-09,away,DEN,MIA,1,0.77,0.581865,0.50509,0.0,0.0,0.0,0.0,0.0,0.0,0,0,0,0,0,0
2022-23,2022-23:1610612743:1610612748,0042200405,2023-06-12,home,DEN,MIA,1,0.8656,0.581865,0.744491,0.0,0.0,0.0,0.0,0.0,0.0,0,0,0,0,0,0
2022-23,2022-23:1610612743:1610612748,0042200405,2023-06-12,away,MIA,DEN,0,0.1344,0.418135,0.255509,0.0,0.0,0.0,0.0,0.0,0.0,0,0,0,0,0,0
2023-24,2023-24:1610612752:1610612755,0042300111,2024-04-20,home,NYK,PHI,1,0.7171,0.539051,0.574597,0.0,0.0,0.0,0.0,0.0,0.0,0,0,0,0,0,0
2023-24,2023-24:1610612752:1610612755,0042300111,2024-04-20,away,PHI,NYK,0,0.2829,0.460949,0.425403,0.0,0.0,0.0,0.0,0.0,0.0,0,0,0,0,0,0
2023-24,2023-24:1610612739:1610612753,0042300131,2024-04-20,home,CLE,ORL,1,0.6086,0.506521,0.583326,0.0,0.0,0.0,0.0,0.0,0.0,0,0,0,0,0,0
2023-24,2023-24:1610612739:1610612753,0042300131,2024-04-20,away,ORL,CLE,0,0.3914,0.493479,0.416674,0.0,0.0,0.0,0.0,0.0,0.0,0,0,0,0,0,0
2023-24,2023-24:1610612743:1610612747,0042300151,2024-04-20,home,DEN,LAL,1,0.7337,0.604939,0.76198,0.0,0.0,0.0,0.0,0.0,0.0,0,0,0,0,0,0
2023-24,2023-24:1610612743:1610612747,0042300151,2024-04-20,away,LAL,DEN,0,0.2663,0.395061,0.23802,0.0,0.0,0.0,0.0,0.0,0.0,0,0,0,0,0,0
2023-24,2023-24:1610612750:1610612756,0042300161,2024-04-20,home,MIN,PHX,1,0.6191,0.56912,0.478795,0.0,0.0,0.0,0.0,0.0,0.0,0,0,0,0,0,0
2023-24,2023-24:1610612750:1610612756,0042300161,2024-04-20,away,PHX,MIN,0,0.3809,0.43088,0.521205,0.0,0.0,0.0,0.0,0.0,0.0,0,0,0,0,0,0
2023-24,2023-24:1610612738:1610612748,0042300101,2024-04-21,home,BOS,MIA,1,0.8419,0.702842,0.623837,0.0,0.0,0.0,0.0,0.0,0.0,0,0,0,0,0,0
2023-24,2023-24:1610612738:1610612748,0042300101,2024-04-21,away,MIA,BOS,0,0.1581,0.297158,0.376163,0.0,0.0,0.0,0.0,0.0,0.0,0,0,0,0,0,0
2023-24,2023-24:1610612749:1610612754,0042300121,2024-04-21,home,MIL,IND,1,0.5407,0.493479,0.660996,0.0,0.0,0.0,0.0,0.0,0.0,0,0,0,0,0,0
2023-24,2023-24:1610612749:1610612754,0042300121,2024-04-21,away,IND,MIL,0,0.4593,0.506521,0.339004,0.0,0.0,0.0,0.0,0.0,0.0,0,0,0,0,0,0
2023-24,2023-24:1610612740:1610612760,0042300141,2024-04-21,home,OKC,NOP,1,0.6338,0.558428,0.567543,0.0,0.0,0.0,0.0,0.0,0.0,0,0,0,0,0,0
2023-24,2023-24:1610612740:1610612760,0042300141,2024-04-21,away,NOP,OKC,0,0.3662,0.441572,0.432457,0.0,0.0,0.0,0.0,0.0,0.0,0,0,0,0,0,0
2023-24,2023-24:1610612742:1610612746,0042300171,2024-04-21,home,LAC,DAL,1,0.6686,0.528231,0.545207,0.0,0.0,0.0,0.0,0.0,0.0,0,0,0,0,0,0
2023-24,2023-24:1610612742:1610612746,0042300171,2024-04-21,away,DAL,LAC,0,0.3314,0.471769,0.454793,0.0,0.0,0.0,0.0,0.0,0.0,0,0,0,0,0,0
2023-24,2023-24:1610612752:1610612755,0042300112,2024-04-22,home,NYK,PHI,1,0.7144,0.539051,0.623473,0.0,0.0,0.0,0.0,0.0,0.0,0,0,0,0,0,0
2023-24,2023-24:1610612752:1610612755,0042300112,2024-04-22,away,PHI,NYK,0,0.2856,0.460949,0.376527,0.0,0.0,0.0,0.0,0.0,0.0,0,0,0,0,0,0
2023-24,2023-24:1610612739:1610612753,0042300132,2024-04-22,home,CLE,ORL,1,0.5906,0.506521,0.6448,0.0,0.0,0.0,0.0,0.0,0.0,0,0,0,0,0,0
2023-24,2023-24:1610612739:1610612753,0042300132,2024-04-22,away,ORL,CLE,0,0.4094,0.493479,0.3552,0.0,0.0,0.0,0.0,0.0,0.0,0,0,0,0,0,0
2023-24,2023-24:1610612743:1610612747,0042300152,2024-04-22,home,DEN,LAL,1,0.7152,0.604939,0.785794,0.0,0.0,0.0,0.0,0.0,0.0,0,0,0,0,0,0
2023-24,2023-24:1610612743:1610612747,0042300152,2024-04-22,away,LAL,DEN,0,0.2848,0.395061,0.214206,0.0,0.0,0.0,0.0,0.0,0.0,0,0,0,0,0,0
2023-24,2023-24:1610612749:1610612754,0042300122,2024-04-23,home,MIL,IND,0,0.5182,0.493479,0.707684,0.0,0.0,0.0,0.0,0.0,0.0,0,0,0,0,0,0
2023-24,2023-24:1610612749:1610612754,0042300122,2024-04-23,away,IND,MIL,1,0.4818,0.506521,0.292316,0.0,0.0,0.0,0.0,0.0,0.0,0,0,0,0,0,0
2023-24,2023-24:1610612750:1610612756,0042300162,2024-04-23,home,MIN,PHX,1,0.5938,0.56912,0.575943,0.0,0.0,0.0,0.0,0.0,0.0,0,0,0,0,0,0
2023-24,2023-24:1610612750:1610612756,0042300162,2024-04-23,away,PHX,MIN,0,0.4062,0.43088,0.424057,0.0,0.0,0.0,0.0,0.0,0.0,0,0,0,0,0,0
2023-24,2023-24:1610612742:1610612746,0042300172,2024-04-23,home,LAC,DAL,0,0.6327,0.528231,0.610621,0.0,0.0,0.0,0.0,0.0,0.0,0,0,0,0,0,0
2023-24,2023-24:1610612742:1610612746,0042300172,2024-04-23,away,DAL,LAC,1,0.3673,0.471769,0.389379,0.0,0.0,0.0,0.0,0.0,0.0,0,0,0,0,0,0
2023-24,2023-24:1610612738:1610612748,0042300102,2024-04-24,home,BOS,MIA,0,0.8274,0.702842,0.683427,0.0,0.0,0.0,0.0,0.0,0.0,0,0,0,0,0,0
2023-24,2023-24:1610612738:1610612748,0042300102,2024-04-24,away,MIA,BOS,1,0.1726,0.297158,0.316573,0.0,0.0,0.0,0.0,0.0,0.0,0,0,0,0,0,0
2023-24,2023-24:1610612740:1610612760,0042300142,2024-04-24,home,OKC,NOP,1,0.6304,0.558428,0.59417,0.0,0.0,0.0,0.0,0.0,0.0,0,0,0,0,0,0
2023-24,2023-24:1610612740:1610612760,0042300142,2024-04-24,away,NOP,OKC,0,0.3696,0.441572,0.40583,0.0,0.0,0.0,0.0,0.0,0.0,0,0,0,0,0,0
2023-24,2023-24:1610612752:1610612755,0042300113,2024-04-25,home,PHI,NYK,1,0.4261,0.460949,0.530919,0.0,0.0,0.0,0.0,0.0,0.0,0,0,0,0,0,0
2023-24,2023-24:1610612752:1610612755,0042300113,2024-04-25,away,NYK,PHI,0,0.5739,0.539051,0.469081,0.0,0.0,0.0,0.0,0.0,0.0,0,0,0,0,0,0
2023-24,2023-24:1610612739:1610612753,0042300133,2024-04-25,home,ORL,CLE,1,0.53,0.493479,0.488992,0.0,0.0,0.0,0.0,0.0,0.0,0,0,0,0,0,0
2023-24,2023-24:1610612739:1610612753,0042300133,2024-04-25,away,CLE,ORL,0,0.47,0.506521,0.511008,0.0,0.0,0.0,0.0,0.0,0.0,0,0,0,0,0,0
2023-24,2023-24:1610612743:1610612747,0042300153,2024-04-25,home,LAL,DEN,0,0.4193,0.395061,0.353063,0.0,0.0,0.0,0.0,0.0,0.0,0,0,0,0,0,0
2023-24,2023-24:1610612743:1610612747,0042300153,2024-04-25,away,DEN,LAL,1,0.5807,0.604939,0.646937,0.0,0.0,0.0,0.0,0.0,0.0,0,0,0,0,0,0
2023-24,2023-24:1610612749:1610612754,0042300123,2024-04-26,home,IND,MIL,1,0.6394,0.506521,0.583016,0.0,0.0,0.0,0.0,0.0,0.0,0,0,0,0,0,0
2023-24,2023-24:1610612749:1610612754,0042300123,2024-04-26,away,MIL,IND,0,0.3606,0.493479,0.416984,0.0,0.0,0.0,0.0,0.0,0.0,0,0,0,0,0,0
2023-24,2023-24:1610612750:1610612756,0042300163,2024-04-26,home,PHX,MIN,0,0.5121,0.43088,0.547792,0.0,0.0,0.0,0.0,0.0,0.0,0,0,0,0,0,0
2023-24,2023-24:1610612750:1610612756,0042300163,2024-04-26,away,MIN,PHX,1,0.4879,0.56912,0.452208,0.0,0.0,0.0,0.0,0.0,0.0,0,0,0,0,0,0
2023-24,2023-24:1610612742:1610612746,0042300173,2024-04-26,home,DAL,LAC,1,0.5114,0.471769,0.620891,0.0,0.0,0.0,0.0,0.0,0.0,0,0,0,0,0,0
2023-24,2023-24:1610612742:1610612746,0042300173,2024-04-26,away,LAC,DAL,0,0.4886,0.528231,0.379109,0.0,0.0,0.0,0.0,0.0,0.0,0,0,0,0,0,0
2023-24,2023-24:1610612738:1610612748,0042300103,2024-04-27,home,MIA,BOS,0,0.271,0.297158,0.5881,0.0,0.0,0.0,0.0,0.0,0.0,0,0,0,0,0,0
2023-24,2023-24:1610612738:1610612748,0042300103,2024-04-27,away,BOS,MIA,1,0.729,0.702842,0.4119,0.0,0.0,0.0,0.0,0.0,0.0,0,0,0,0,0,0
2023-24,2023-24:1610612739:1610612753,0042300134,2024-04-27,home,ORL,CLE,1,0.5934,0.493479,0.595568,0.0,0.0,0.0,0.0,0.0,0.0,0,0,0,0,0,0
2023-24,2023-24:1610612739:1610612753,0042300134,2024-04-27,away,CLE,ORL,0,0.4066,0.506521,0.404432,0.0,0.0,0.0,0.0,0.0,0.0,0,0,0,0,0,0
2023-24,2023-24:1610612740:1610612760,0042300143,2024-04-27,home,NOP,OKC,0,0.4879,0.441572,0.510093,0.0,0.0,0.0,0.0,0.0,0.0,0,0,0,0,0,0
2023-24,2023-24:1610612740:1610612760,0042300143,2024-04-27,away,OKC,NOP,1,0.5121,0.558428,0.489907,0.0,0.0,0.0,0.0,0.0,0.0,0,0,0,0,0,0
2023-24,2023-24:1610612743:1610612747,0042300154,2024-04-27,home,LAL,DEN,1,0.4243,0.395061,0.315474,0.0,0.0,0.0,0.0,0.0,0.0,0,0,0,0,0,0
2023-24,2023-24:1610612743:1610612747,0042300154,2024-04-27,away,DEN,LAL,0,0.5757,0.604939,0.684526,0.0,0.0,0.0,0.0,0.0,0.0,0,0,0,0,0,0
2023-24,2023-24:1610612752:1610612755,0042300114,2024-04-28,home,PHI,NYK,0,0.4471,0.460949,0.596819,0.0,0.0,0.0,0.0,0.0,0.0,0,0,0,0,0,0
2023-24,2023-24:1610612752:1610612755,0042300114,2024-04-28,away,NYK,PHI,1,0.5529,0.539051,0.403181,0.0,0.0,0.0,0.0,0.0,0.0,0,0,0,0,0,0
2023-24,2023-24:1610612749:1610612754,0042300124,2024-04-28,home,IND,MIL,1,0.6477,0.506521,0.614974,0.0,0.0,0.0,0.0,0.0,0.0,0,0,0,0,0,0
2023-24,2023-24:1610612749:1610612754,0042300124,2024-04-28,away,MIL,IND,0,0.3523,0.493479,0.385026,0.0,0.0,0.0,0.0,0.0,0.0,0,0,0,0,0,0
2023-24,2023-24:1610612750:1610612756,0042300164,2024-04-28,home,PHX,MIN,0,0.4828,0.43088,0.456902,0.0,0.0,0.0,0.0,0.0,0.0,0,0,0,0,0,0
2023-24,2023-24:1610612750:1610612756,0042300164,2024-04-28,away,MIN,PHX,1,0.5172,0.56912,0.543098,0.0,0.0,0.0,0.0,0.0,0.0,0,0,0,0,0,0
2023-24,2023-24:1610612742:1610612746,0042300174,2024-04-28,home,DAL,LAC,0,0.5372,0.471769,0.670455,0.0,0.0,0.0,0.0,0.0,0.0,0,0,0,0,0,0
2023-24,2023-24:1610612742:1610612746,0042300174,2024-04-28,away,LAC,DAL,1,0.4628,0.528231,0.329545,0.0,0.0,0.0,0.0,0.0,0.0,0,0,0,0,0,0
2023-24,2023-24:1610612738:1610612748,0042300104,2024-04-29,home,MIA,BOS,0,0.2454,0.297158,0.485964,0.0,0.0,0.0,0.0,0.0,0.0,0,0,0,0,0,0
2023-24,2023-24:1610612738:1610612748,0042300104,2024-04-29,away,BOS,MIA,1,0.7546,0.702842,0.514036,0.0,0.0,0.0,0.0,0.0,0.0,0,0,0,0,0,0
2023-24,2023-24:1610612740:1610612760,0042300144,2024-04-29,home,NOP,OKC,0,0.4289,0.441572,0.420024,0.0,0.0,0.0,0.0,0.0,0.0,0,0,0,0,0,0
2023-24,2023-24:1610612740:1610612760,0042300144,2024-04-29,away,OKC,NOP,1,0.5711,0.558428,0.579976,0.0,0.0,0.0,0.0,0.0,0.0,0,0,0,0,0,0
2023-24,2023-24:1610612743:1610612747,0042300155,2024-04-29,home,DEN,LAL,1,0.7059,0.604939,0.756084,0.0,0.0,0.0,0.0,0.0,0.0,0,0,0,0,0,0
2023-24,2023-24:1610612743:1610612747,0042300155,2024-04-29,away,LAL,DEN,0,0.2941,0.395061,0.243916,0.0,0.0,0.0,0.0,0.0,0.0,0,0,0,0,0,0
2023-24,2023-24:1610612752:1610612755,0042300115,2024-04-30,home,NYK,PHI,0,0.7098,0.539051,0.646192,0.0,0.0,0.0,0.0,0.0,0.0,0,0,0,0,0,0
2023-24,2023-24:1610612752:1610612755,0042300115,2024-04-30,away,PHI,NYK,1,0.2902,0.460949,0.353808,0.0,0.0,0.0,0.0,0.0,0.0,0,0,0,0,0,0
2023-24,2023-24:1610612749:1610612754,0042300125,2024-04-30,home,MIL,IND,1,0.4968,0.493479,0.511524,0.0,0.0,0.0,0.0,0.0,0.0,0,0,0,0,0,0
2023-24,2023-24:1610612749:1610612754,0042300125,2024-04-30,away,IND,MIL,0,0.5032,0.506521,0.488476,0.0,0.0,0.0,0.0,0.0,0.0,0,0,0,0,0,0
2023-24,2023-24:1610612739:1610612753,0042300135,2024-04-30,home,CLE,ORL,1,0.5396,0.506521,0.516333,0.0,0.0,0.0,0.0,0.0,0.0,0,0,0,0,0,0
2023-24,2023-24:1610612739:1610612753,0042300135,2024-04-30,away,ORL,CLE,0,0.4604,0.493479,0.483667,0.0,0.0,0.0,0.0,0.0,0.0,0,0,0,0,0,0
2023-24,2023-24:1610612738:1610612748,0042300105,2024-05-01,home,BOS,MIA,1,0.8685,0.702842,0.751667,0.0,0.0,0.0,0.0,0.0,0.0,0,0,0,0,0,0
2023-24,2023-24:1610612738:1610612748,0042300105,2024-05-01,away,MIA,BOS,0,0.1315,0.297158,0.248333,0.0,0.0,0.0,0.0,0.0,0.0,0,0,0,0,0,0
2023-24,2023-24:1610612742:1610612746,0042300175,2024-05-01,home,LAC,DAL,0,0.6305,0.528231,0.578033,0.0,0.0,0.0,0.0,0.0,0.0,0,0,0,0,0,0
2023-24,2023-24:1610612742:1610612746,0042300175,2024-05-01,away,DAL,LAC,1,0.3695,0.471769,0.421967,0.0,0.0,0.0,0.0,0.0,0.0,0,0,0,0,0,0
2023-24,2023-24:1610612752:1610612755,0042300116,2024-05-02,home,PHI,NYK,0,0.4587,0.460949,0.607194,0.0,0.0,0.0,0.0,0.0,0.0,0,0,0,0,0,0
2023-24,2023-24:1610612752:1610612755,0042300116,2024-05-02,away,NYK,PHI,1,0.5413,0.539051,0.392806,0.0,0.0,0.0,0.0,0.0,0.0,0,0,0,0,0,0
2023-24,2023-24:1610612749:1610612754,0042300126,2024-05-02,home,IND,MIL,1,0.6318,0.506521,0.585352,0.0,0.0,0.0,0.0,0.0,0.0,0,0,0,0,0,0
2023-24,2023-24:1610612749:1610612754,0042300126,2024-05-02,away,MIL,IND,0,0.3682,0.493479,0.414648,0.0,0.0,0.0,0.0,0.0,0.0,0,0,0,0,0,0
2023-24,2023-24:1610612739:1610612753,0042300136,2024-05-03,home,ORL,CLE,1,0.6248,0.493479,0.639136,0.0,0.0,0.0,0.0,0.0,0.0,0,0,0,0,0,0
2023-24,2023-24:1610612739:1610612753,0042300136,2024-05-03,away,CLE,ORL,0,0.3752,0.506521,0.360864,0.0,0.0,0.0,0.0,0.0,0.0,0,0,0,0,0,0
2023-24,2023-24:1610612742:1610612746,0042300176,2024-05-03,home,DAL,LAC,1,0.5878,0.471769,0.709033,0.0,0.0,0.0,0.0,0.0,0.0,0,0,0,0,0,0
2023-24,2023-24:1610612742:1610612746,0042300176,2024-05-03,away,LAC,DAL,0,0.4122,0.528231,0.290967,0.0,0.0,0.0,0.0,0.0,0.0,0,0,0,0,0,0
2023-24,2023-24:1610612743:1610612750,0042300231,2024-05-04,home,DEN,MIN,0,0.5155,0.475021,0.771341,0.0,0.0,0.0,0.0,0.0,0.0,0,0,0,0,0,0
2023-24,2023-24:1610612743:1610612750,0042300231,2024-05-04,away,MIN,DEN,1,0.4845,0.524979,0.228659,0.0,0.0,0.0,0.0,0.0,0.0,0,0,0,0,0,0
2023-24,2023-24:1610612739:1610612753,0042300137,2024-05-05,home,CLE,ORL,1,0.5429,0.506521,0.500985,0.0,0.0,0.0,0.0,0.0,0.0,0,0,0,0,0,0
2023-24,2023-24:1610612739:1610612753,0042300137,2024-05-05,away,ORL,CLE,0,0.4571,0.493479,0.499015,0.0,0.0,0.0,0.0,0.0,0.0,0,0,0,0,0,0
2023-24,2023-24:1610612752:1610612754,0042300211,2024-05-06,home,NYK,IND,1,0.5623,0.543369,0.627994,0.0,0.0,0.0,0.0,0.0,0.0,0,0,0,0,0,0
2023-24,2023-24:1610612752:1610612754,0042300211,2024-05-06,away,IND,NYK,0,0.4377,0.456631,0.372006,0.0,0.0,0.0,0.0,0.0,0.0,0,0,0,0,0,0
2023-24,2023-24:1610612743:1610612750,0042300232,2024-05-06,home,DEN,MIN,0,0.525,0.482616,0.699848,0.0,0.0,0.0,0.0,0.0,0.0,0,0,0,0,0,0
2023-24,2023-24:1610612743:1610612750,0042300232,2024-05-06,away,MIN,DEN,1,0.475,0.517384,0.300152,0.0,0.0,0.0,0.0,0.0,0.0,0,0,0,0,0,0
2023-24,2023-24:1610612738:1610612739,0042300201,2024-05-07,home,BOS,CLE,1,0.838,0.715396,0.820331,0.0,0.0,0.0,0.0,0.0,0.0,0,0,0,0,0,0
2023-24,2023-24:1610612738:1610612739,0042300201,2024-05-07,away,CLE,BOS,0,0.162,0.284604,0.179669,0.0,0.0,0.0,0.0,0.0,0.0,0,0,0,0,0,0
2023-24,2023-24:1610612742:1610612760,0042300221,2024-05-07,home,OKC,DAL,1,0.7029,0.639666,0.609232,0.0,0.0,0.0,0.0,0.0,0.0,0,0,0,0,0,0
2023-24,2023-24:1610612742:1610612760,0042300221,2024-05-07,away,DAL,OKC,0,0.2971,0.360334,0.390768,0.0,0.0,0.0,0.0,0.0,0.0,0,0,0,0,0,0
2023-24,2023-24:1610612752:1610612754,0042300212,2024-05-08,home,NYK,IND,1,0.5529,0.543369,0.659593,0.0,0.0,0.0,0.0,0.0,0.0,0,0,0,0,0,0
2023-24,2023-24:1610612752:1610612754,0042300212,2024-05-08,away,IND,NYK,0,0.4471,0.456631,0.340407,0.0,0.0,0.0,0.0,0.0,0.0,0,0,0,0,0,0
2023-24,2023-24:1610612738:1610612739,0042300202,2024-05-09,home,BOS,CLE,0,0.8441,0.689974,0.839347,0.0,0.0,0.0,0.0,0.0,0.0,0,0,0,0,0,0
2023-24,2023-24:1610612738:1610612739,0042300202,2024-05-09,away,CLE,BOS,1,0.1559,0.310026,0.160653,0.0,0.0,0.0,0.0,0.0,0.0,0,0,0,0,0,0
2023-24,2023-24:1610612742:1610612760,0042300222,2024-05-09,home,OKC,DAL,0,0.7144,0.611156,0.673973,0.0,0.0,0.0,0.0,0.0,0.0,0,0,0,0,0,0
2023-24,2023-24:1610612742:1610612760,0042300222,2024-05-09,away,DAL,OKC,1,0.2856,0.388844,0.326027,0.0,0.0,0.0,0.0,0.0,0.0,0,0,0,0,0,0
2023-24,2023-24:1610612752:1610612754,0042300213,2024-05-10,home,IND,NYK,1,0.6136,0.456631,0.476612,0.0,0.0,0.0,0.0,0.0,0.0,0,0,0,0,0,0
2023-24,2023-24:1610612752:1610612754,0042300213,2024-05-10,away,NYK,IND,0,0.3864,0.543369,0.523388,0.0,0.0,0.0,0.0,0.0,0.0,0,0,0,0,0,0
2023-24,2023-24:1610612743:1610612750,0042300233,2024-05-10,home,MIN,DEN,0,0.6807,0.517384,0.60656,0.0,0.0,0.0,0.0,0.0,0.0,0,0,0,0,0,0
2023-24,2023-24:1610612743:1610612750,0042300233,2024-05-10,away,DEN,MIN,1,0.3193,0.482616,0.39344,0.0,0.0,0.0,0.0,0.0,0.0,0,0,0,0,0,0
2023-24,2023-24:1610612738:1610612739,0042300203,2024-05-11,home,CLE,BOS,0,0.283,0.310026,0.429734,0.0,0.0,0.0,0.0,0.0,0.0,0,0,0,0,0,0
2023-24,2023-24:1610612738:1610612739,0042300203,2024-05-11,away,BOS,CLE,1,0.717,0.689974,0.570266,0.0,0.0,0.0,0.0,0.0,0.0,0,0,0,0,0,0
2023-24,2023-24:1610612742:1610612760,0042300223,2024-05-11,home,DAL,OKC,1,0.4633,0.388844,0.593744,0.0,0.0,0.0,0.0,0.0,0.0,0,0,0,0,0,0
2023-24,2023-24:1610612742:1610612760,0042300223,2024-05-11,away,OKC,DAL,0,0.5367,0.611156,0.406256,0.0,0.0,0.0,0.0,0.0,0.0,0,0,0,0,0,0
2023-24,2023-24:1610612752:1610612754,0042300214,2024-05-12,home,IND,NYK,1,0.6295,0.456631,0.53054,0.0,0.0,0.0,0.0,0.0,0.0,0,0,0,0,0,0
2023-24,2023-24:1610612752:1610612754,0042300214,2024-05-12,away,NYK,IND,0,0.3705,0.543369,0.46946,0.0,0.0,0.0,0.0,0.0,0.0,0,0,0,0,0,0
2023-24,2023-24:1610612743:1610612750,0042300234,2024-05-12,home,MIN,DEN,0,0.6377,0.517384,0.491871,0.0,0.0,0.0,0.0,0.0,0.0,0,0,0,0,0,0
2023-24,2023-24:1610612743:1610612750,0042300234,2024-05-12,away,DEN,MIN,1,0.3623,0.482616,0.508129,0.0,0.0,0.0,0.0,0.0,0.0,0,0,0,0,0,0
2023-24,2023-24:1610612738:1610612739,0042300204,2024-05-13,home,CLE,BOS,0,0.2786,0.310026,0.367241,0.0,0.0,0.0,0.0,0.0,0.0,0,0,0,0,0,0
2023-24,2023-24:1610612738:1610612739,0042300204,2024-05-13,away,BOS,CLE,1,0.7214,0.689974,0.632759,0.0,0.0,0.0,0.0,0.0,0.0,0,0,0,0,0,0
2023-24,2023-24:1610612742:1610612760,0042300224,2024-05-13,home,DAL,OKC,0,0.4584,0.388844,0.629487,0.0,0.0,0.0,0.0,0.0,0.0,0,0,0,0,0,0
2023-24,2023-24:1610612742:1610612760,0042300224,2024-05-13,away,OKC,DAL,1,0.5416,0.611156,0.370513,0.0,0.0,0.0,0.0,0.0,0.0,0,0,0,0,0,0
2023-24,2023-24:1610612752:1610612754,0042300215,2024-05-14,home,NYK,IND,1,0.51,0.543369,0.5617,0.0,0.0,0.0,0.0,0.0,0.0,0,0,0,0,0,0
2023-24,2023-24:1610612752:1610612754,0042300215,2024-05-14,away,IND,NYK,0,0.49,0.456631,0.4383,0.0,0.0,0.0,0.0,0.0,0.0,0,0,0,0,0,0
2023-24,2023-24:1610612743:1610612750,0042300235,2024-05-14,home,DEN,MIN,1,0.5225,0.482616,0.73686,0.0,0.0,0.0,0.0,0.0,0.0,0,0,0,0,0,0
2023-24,2023-24:1610612743:1610612750,0042300235,2024-05-14,away,MIN,DEN,0,0.4775,0.517384,0.26314,0.0,0.0,0.0,0.0,0.0,0.0,0,0,0,0,0,0
2023-24,2023-24:1610612738:1610612739,0042300205,2024-05-15,home,BOS,CLE,1,0.8315,0.689974,0.812791,0.0,0.0,0.0,0.0,0.0,0.0,0,0,0,0,0,0
2023-24,2023-24:1610612738:1610612739,0042300205,2024-05-15,away,CLE,BOS,0,0.1685,0.310026,0.187209,0.0,0.0,0.0,0.0,0.0,0.0,0,0,0,0,0,0
2023-24,2023-24:1610612742:1610612760,0042300225,2024-05-15,home,OKC,DAL,0,0.7017,0.611156,0.61102,0.0,0.0,0.0,0.0,0.0,0.0,0,0,0,0,0,0
2023-24,2023-24:1610612742:1610612760,0042300225,2024-05-15,away,DAL,OKC,1,0.2983,0.388844,0.38898,0.0,0.0,0.0,0.0,0.0,0.0,0,0,0,0,0,0
2023-24,2023-24:1610612743:1610612750,0042300236,2024-05-16,home,MIN,DEN,1,0.6266,0.517384,0.389512,0.0,0.0,0.0,0.0,0.0,0.0,0,0,0,0,0,0
2023-24,2023-24:1610612743:1610612750,0042300236,2024-05-16,away,DEN,MIN,0,0.3734,0.482616,0.610488,0.0,0.0,0.0,0.0,0.0,0.0,0,0,0,0,0,0
2023-24,2023-24:1610612752:1610612754,0042300216,2024-05-17,home,IND,NYK,1,0.6264,0.456631,0.538352,0.0,0.0,0.0,0.0,0.0,0.0,0,0,0,0,0,0
2023-24,2023-24:1610612752:1610612754,0042300216,2024-05-17,away,NYK,IND,0,0.3736,0.543369,0.461648,0.0,0.0,0.0,0.0,0.0,0.0,0,0,0,0,0,0
2023-24,2023-24:1610612742:1610612760,0042300226,2024-05-18,home,DAL,OKC,1,0.4679,0.388844,0.658723,0.0,0.0,0.0,0.0,0.0,0.0,0,0,0,0,0,0
2023-24,2023-24:1610612742:1610612760,0042300226,2024-05-18,away,OKC,DAL,0,0.5321,0.611156,0.341277,0.0,0.0,0.0,0.0,0.0,0.0,0,0,0,0,0,0
2023-24,2023-24:1610612752:1610612754,0042300217,2024-05-19,home,NYK,IND,0,0.5299,0.543369,0.577887,0.0,0.0,0.0,0.0,0.0,0.0,0,0,0,0,0,0
2023-24,2023-24:1610612752:1610612754,0042300217,2024-05-19,away,IND,NYK,1,0.4701,0.456631,0.422113,0.0,0.0,0.0,0.0,0.0,0.0,0,0,0,0,0,0
2023-24,2023-24:1610612743:1610612750,0042300237,2024-05-19,home,DEN,MIN,0,0.4841,0.482616,0.65915,0.0,0.0,0.0,0.0,0.0,0.0,0,0,0,0,0,0
2023-24,2023-24:1610612743:1610612750,0042300237,2024-05-19,away,MIN,DEN,1,0.5159,0.517384,0.34085,0.0,0.0,0.0,0.0,0.0,0.0,0,0,0,0,0,0
2023-24,2023-24:1610612738:1610612754,0042300301,2024-05-21,home,BOS,IND,1,0.7868,0.708262,0.715199,0.0,0.0,0.0,0.0,0.0,0.0,0,0,0,0,0,0
2023-24,2023-24:1610612738:1610612754,0042300301,2024-05-21,away,IND,BOS,0,0.2132,0.291738,0.284801,0.0,0.0,0.0,0.0,0.0,0.0,0,0,0,0,0,0
2023-24,2023-24:1610612742:1610612750,0042300311,2024-05-22,home,MIN,DAL,0,0.7217,0.582923,0.598265,0.0,0.0,0.0,0.0,0.0,0.0,0,0,0,0,0,0
2023-24,2023-24:1610612742:1610612750,0042300311,2024-05-22,away,DAL,MIN,1,0.2783,0.417077,0.401735,0.0,0.0,0.0,0.0,0.0,0.0,0,0,0,0,0,0
2023-24,2023-24:1610612738:1610612754,0042300302,2024-05-23,home,BOS,IND,1,0.7717,0.682485,0.738516,0.0,0.0,0.0,0.0,0.0,0.0,0,0,0,0,0,0
2023-24,2023-24:1610612738:1610612754,0042300302,2024-05-23,away,IND,BOS,0,0.2283,0.317515,0.261484,0.0,0.0,0.0,0.0,0.0,0.0,0,0,0,0,0,0
2023-24,2023-24:1610612742:1610612750,0042300312,2024-05-24,home,MIN,DAL,0,0.7102,0.590303,0.551633,0.0,0.0,0.0,0.0,0.0,0.0,0,0,0,0,0,0
2023-24,2023-24:1610612742:1610612750,0042300312,2024-05-24,away,DAL,MIN,1,0.2898,0.409697,0.448367,0.0,0.0,0.0,0.0,0.0,0.0,0,0,0,0,0,0
2023-24,2023-24:1610612738:1610612754,0042300303,2024-05-25,home,IND,BOS,0,0.3842,0.317515,0.386864,0.0,0.0,0.0,0.0,0.0,0.0,0,0,0,0,0,0
2023-24,2023-24:1610612738:1610612754,0042300303,2024-05-25,away,BOS,IND,1,0.6158,0.682485,0.613136,0.0,0.0,0.0,0.0,0.0,0.0,0,0,0,0,0,0
2023-24,2023-24:1610612742:1610612750,0042300313,2024-05-26,home,DAL,MIN,1,0.4531,0.409697,0.661075,0.0,0.0,0.0,0.0,0.0,0.0,0,0,0,0,0,0
2023-24,2023-24:1610612742:1610612750,0042300313,2024-05-26,away,MIN,DAL,0,0.5469,0.590303,0.338925,0.0,0.0,0.0,0.0,0.0,0.0,0,0,0,0,0,0
2023-24,2023-24:1610612738:1610612754,0042300304,2024-05-27,home,IND,BOS,0,0.3707,0.317515,0.358012,0.0,0.0,0.0,0.0,0.0,0.0,0,0,0,0,0,0
2023-24,2023-24:1610612738:1610612754,0042300304,2024-05-27,away,BOS,IND,1,0.6293,0.682485,0.641988,0.0,0.0,0.0,0.0,0.0,0.0,0,0,0,0,0,0
2023-24,2023-24:1610612742:1610612750,0042300314,2024-05-28,home,DAL,MIN,0,0.4675,0.409697,0.700102,0.0,0.0,0.0,0.0,0.0,0.0,0,0,0,0,0,0
2023-24,2023-24:1610612742:1610612750,0042300314,2024-05-28,away,MIN,DAL,1,0.5325,0.590303,0.299898,0.0,0.0,0.0,0.0,0.0,0.0,0,0,0,0,0,0
2023-24,2023-24:1610612742:1610612750,0042300315,2024-05-30,home,MIN,DAL,0,0.7012,0.590303,0.547208,0.0,0.0,0.0,0.0,0.0,0.0,0,0,0,0,0,0
2023-24,2023-24:1610612742:1610612750,0042300315,2024-05-30,away,DAL,MIN,1,0.2988,0.409697,0.452792,0.0,0.0,0.0,0.0,0.0,0.0,0,0,0,0,0,0
2023-24,2023-24:1610612738:1610612742,0042300401,2024-06-06,home,BOS,DAL,1,0.7886,0.716281,0.670914,0.0,0.0,0.0,0.0,0.0,0.0,0,0,0,0,0,0
2023-24,2023-24:1610612738:1610612742,0042300401,2024-06-06,away,DAL,BOS,0,0.2114,0.283719,0.329086,0.0,0.0,0.0,0.0,0.0,0.0,0,0,0,0,0,0
2023-24,2023-24:1610612738:1610612742,0042300402,2024-06-09,home,BOS,DAL,1,0.7786,0.697365,0.718177,0.0,0.0,0.0,0.0,0.0,0.0,0,0,0,0,0,0
2023-24,2023-24:1610612738:1610612742,0042300402,2024-06-09,away,DAL,BOS,0,0.2214,0.302635,0.281823,0.0,0.0,0.0,0.0,0.0,0.0,0,0,0,0,0,0
2023-24,2023-24:1610612738:1610612742,0042300403,2024-06-12,home,DAL,BOS,0,0.3499,0.302635,0.42018,0.0,0.0,0.0,0.0,0.0,0.0,0,0,0,0,0,0
2023-24,2023-24:1610612738:1610612742,0042300403,2024-06-12,away,BOS,DAL,1,0.6501,0.697365,0.57982,0.0,0.0,0.0,0.0,0.0,0.0,0,0,0,0,0,0
2023-24,2023-24:1610612738:1610612742,0042300404,2024-06-14,home,DAL,BOS,1,0.3499,0.302635,0.3721,0.0,0.0,0.0,0.0,0.0,0.0,0,0,0,0,0,0
2023-24,2023-24:1610612738:1610612742,0042300404,2024-06-14,away,BOS,DAL,0,0.6501,0.697365,0.6279,0.0,0.0,0.0,0.0,0.0,0.0,0,0,0,0,0,0
2023-24,2023-24:1610612738:1610612742,0042300405,2024-06-17,home,BOS,DAL,1,0.7637,0.697365,0.677408,0.0,0.0,0.0,0.0,0.0,0.0,0,0,0,0,0,0
2023-24,2023-24:1610612738:1610612742,0042300405,2024-06-17,away,DAL,BOS,0,0.2363,0.302635,0.322592,0.0,0.0,0.0,0.0,0.0,0.0,0,0,0,0,0,0
2024-25,2024-25:1610612752:1610612765,0042400121,2025-04-19,home,NYK,DET,1,0.6721,0.541211,0.608456,0.0,0.0,0.0,0.0,0.0,0.0,0,0,0,0,0,0
2024-25,2024-25:1610612752:1610612765,0042400121,2025-04-19,away,DET,NYK,0,0.3279,0.458789,0.391544,0.0,0.0,0.0,0.0,0.0,0.0,0,0,0,0,0,0
2024-25,2024-25:1610612749:1610612754,0042400131,2025-04-19,home,IND,MIL,1,0.5597,0.493479,0.648458,0.0,0.0,0.0,0.0,0.0,0.0,0,0,0,0,0,0
2024-25,2024-25:1610612749:1610612754,0042400131,2025-04-19,away,MIL,IND,0,0.4403,0.506521,0.351542,0.0,0.0,0.0,0.0,0.0,0.0,0,0,0,0,0,0
2024-25,2024-25:1610612747:1610612750,0042400161,2025-04-19,home,LAL,MIN,0,0.4889,0.418135,0.570034,0.0,0.0,0.0,0.0,0.0,0.0,0,0,0,0,0,0
2024-25,2024-25:1610612747:1610612750,0042400161,2025-04-19,away,MIN,LAL,1,0.5111,0.581865,0.429966,0.0,0.0,0.0,0.0,0.0,0.0,0,0,0,0,0,0
2024-25,2024-25:1610612743:1610612746,0042400171,2025-04-19,home,DEN,LAC,1,0.6166,0.476105,0.738481,0.0,0.0,0.0,0.0,0.0,0.0,0,0,0,0,0,0
2024-25,2024-25:1610612743:1610612746,0042400171,2025-04-19,away,LAC,DEN,0,0.3834,0.523895,0.261519,0.0,0.0,0.0,0.0,0.0,0.0,0,0,0,0,0,0
2024-25,2024-25:1610612739:1610612748,0042400101,2025-04-20,home,CLE,MIA,1,0.8142,0.682485,0.547952,0.0,0.0,0.0,0.0,0.0,0.0,0,0,0,0,0,0
2024-25,2024-25:1610612739:1610612748,0042400101,2025-04-20,away,MIA,CLE,0,0.1858,0.317515,0.452048,0.0,0.0,0.0,0.0,0.0,0.0,0,0,0,0,0,0
2024-25,2024-25:1610612738:1610612753,0042400111,2025-04-20,home,BOS,ORL,1,0.849,0.697365,0.816392,0.0,0.0,0.0,0.0,0.0,0.0,0,0,0,0,0,0
2024-25,2024-25:1610612738:1610612753,0042400111,2025-04-20,away,ORL,BOS,0,0.151,0.302635,0.183608,0.0,0.0,0.0,0.0,0.0,0.0,0,0,0,0,0,0
2024-25,2024-25:1610612760:1610612763,0042400141,2025-04-20,home,OKC,MEM,1,0.7278,0.667223,0.649927,0.0,0.0,0.0,0.0,0.0,0.0,0,0,0,0,0,0
2024-25,2024-25:1610612760:1610612763,0042400141,2025-04-20,away,MEM,OKC,0,0.2722,0.332777,0.350073,0.0,0.0,0.0,0.0,0.0,0.0,0,0,0,0,0,0
2024-25,2024-25:1610612744:1610612745,0042400151,2025-04-20,home,HOU,GSW,0,0.6059,0.530397,0.523411,0.0,0.0,0.0,0.0,0.0,0.0,0,0,0,0,0,0
2024-25,2024-25:1610612744:1610612745,0042400151,2025-04-20,away,GSW,HOU,1,0.3941,0.469603,0.476589,0.0,0.0,0.0,0.0,0.0,0.0,0,0,0,0,0,0
2024-25,2024-25:1610612752:1610612765,0042400122,2025-04-21,home,NYK,DET,0,0.6677,0.541211,0.660351,0.0,0.0,0.0,0.0,0.0,0.0,0,0,0,0,0,0
2024-25,2024-25:1610612752:1610612765,0042400122,2025-04-21,away,DET,NYK,1,0.3323,0.458789,0.339649,0.0,0.0,0.0,0.0,0.0,0.0,0,0,0,0,0,0
2024-25,2024-25:1610612743:1610612746,0042400172,2025-04-21,home,DEN,LAC,0,0.6415,0.476105,0.751054,0.0,0.0,0.0,0.0,0.0,0.0,0,0,0,0,0,0
2024-25,2024-25:1610612743:1610612746,0042400172,2025-04-21,away,LAC,DEN,1,0.3585,0.523895,0.248946,0.0,0.0,0.0,0.0,0.0,0.0,0,0,0,0,0,0
2024-25,2024-25:1610612749:1610612754,0042400132,2025-04-22,home,IND,MIL,1,0.5438,0.493479,0.701564,0.0,0.0,0.0,0.0,0.0,0.0,0,0,0,0,0,0
2024-25,2024-25:1610612749:1610612754,0042400132,2025-04-22,away,MIL,IND,0,0.4562,0.506521,0.298436,0.0,0.0,0.0,0.0,0.0,0.0,0,0,0,0,0,0
2024-25,2024-25:1610612760:1610612763,0042400142,2025-04-22,home,OKC,MEM,1,0.6893,0.667223,0.718537,0.0,0.0,0.0,0.0,0.0,0.0,0,0,0,0,0,0
2024-25,2024-25:1610612760:1610612763,0042400142,2025-04-22,away,MEM,OKC,0,0.3107,0.332777,0.281463,0.0,0.0,0.0,0.0,0.0,0.0,0,0,0,0,0,0
2024-25,2024-25:1610612747:1610612750,0042400162,2025-04-22,home,LAL,MIN,1,0.5301,0.418135,0.467655,0.0,0.0,0.0,0.0,0.0,0.0,0,0,0,0,0,0
2024-25,2024-25:1610612747:1610612750,0042400162,2025-04-22,away,MIN,LAL,0,0.4699,0.581865,0.532345,0.0,0.0,0.0,0.0,0.0,0.0,0,0,0,0,0,0
2024-25,2024-25:1610612739:1610612748,0042400102,2025-04-23,home,CLE,MIA,1,0.8034,0.682485,0.625776,0.0,0.0,0.0,0.0,0.0,0.0,0,0,0,0,0,0
2024-25,2024-25:1610612739:1610612748,0042400102,2025-04-23,away,MIA,CLE,0,0.1966,0.317515,0.374224,0.0,0.0,0.0,0.0,0.0,0.0,0,0,0,0,0,0
2024-25,2024-25:1610612738:1610612753,0042400112,2025-04-23,home,BOS,ORL,1,0.8285,0.697365,0.834006,0.0,0.0,0.0,0.0,0.0,0.0,0,0,0,0,0,0
2024-25,2024-25:1610612738:1610612753,0042400112,2025-04-23,away,ORL,BOS,0,0.1715,0.302635,0.165994,0.0,0.0,0.0,0.0,0.0,0.0,0,0,0,0,0,0
2024-25,2024-25:1610612744:1610612745,0042400152,2025-04-23,home,HOU,GSW,1,0.6273,0.530397,0.451334,0.0,0.0,0.0,0.0,0.0,0.0,0,0,0,0,0,0
2024-25,2024-25:1610612744:1610612745,0042400152,2025-04-23,away,GSW,HOU,0,0.3727,0.469603,0.548666,0.0,0.0,0.0,0.0,0.0,0.0,0,0,0,0,0,0
2024-25,2024-25:1610612752:1610612765,0042400123,2025-04-24,home,DET,NYK,0,0.52,0.458789,0.593719,0.0,0.0,0.0,0.0,0.0,0.0,0,0,0,0,0,0
2024-25,2024-25:1610612752:1610612765,0042400123,2025-04-24,away,NYK,DET,1,0.48,0.541211,0.406281,0.0,0.0,0.0,0.0,0.0,0.0,0,0,0,0,0,0
2024-25,2024-25:1610612760:1610612763,0042400143,2025-04-24,home,MEM,OKC,0,0.3653,0.332777,0.405397,0.0,0.0,0.0,0.0,0.0,0.0,0,0,0,0,0,0
2024-25,2024-25:1610612760:1610612763,0042400143,2025-04-24,away,OKC,MEM,1,0.6347,0.667223,0.594603,0.0,0.0,0.0,0.0,0.0,0.0,0,0,0,0,0,0
2024-25,2024-25:1610612743:1610612746,0042400173,2025-04-24,home,LAC,DEN,1,0.5165,0.523895,0.470992,0.0,0.0,0.0,0.0,0.0,0.0,0,0,0,0,0,0
2024-25,2024-25:1610612743:1610612746,0042400173,2025-04-24,away,DEN,LAC,0,0.4835,0.476105,0.529008,0.0,0.0,0.0,0.0,0.0,0.0,0,0,0,0,0,0
2024-25,2024-25:1610612738:1610612753,0042400113,2025-04-25,home,ORL,BOS,1,0.2514,0.302635,0.27809,0.0,0.0,0.0,0.0,0.0,0.0,0,0,0,0,0,0
2024-25,2024-25:1610612738:1610612753,0042400113,2025-04-25,away,BOS,ORL,0,0.7486,0.697365,0.72191,0.0,0.0,0.0,0.0,0.0,0.0,0,0,0,0,0,0
2024-25,2024-25:1610612749:1610612754,0042400133,2025-04-25,home,MIL,IND,1,0.5707,0.506521,0.436002,0.0,0.0,0.0,0.0,0.0,0.0,0,0,0,0,0,0
2024-25,2024-25:1610612749:1610612754,0042400133,2025-04-25,away,IND,MIL,0,0.4293,0.493479,0.563998,0.0,0.0,0.0,0.0,0.0,0.0,0,0,0,0,0,0
2024-25,2024-25:1610612747:1610612750,0042400163,2025-04-25,home,MIN,LAL,1,0.6611,0.581865,0.644662,0.0,0.0,0.0,0.0,0.0,0.0,0,0,0,0,0,0
2024-25,2024-25:1610612747:1610612750,0042400163,2025-04-25,away,LAL,MIN,0,0.3389,0.418135,0.355338,0.0,0.0,0.0,0.0,0.0,0.0,0,0,0,0,0,0
2024-25,2024-25:1610612739:1610612748,0042400103,2025-04-26,home,MIA,CLE,0,0.2761,0.317515,0.508947,0.0,0.0,0.0,0.0,0.0,0.0,0,0,0,0,0,0
2024-25,2024-25:1610612739:1610612748,0042400103,2025-04-26,away,CLE,MIA,1,0.7239,0.682485,0.491053,0.0,0.0,0.0,0.0,0.0,0.0,0,0,0,0,0,0
2024-25,2024-25:1610612760:1610612763,0042400144,2025-04-26,home,MEM,OKC,0,0.3339,0.332777,0.362467,0.0,0.0,0.0,0.0,0.0,0.0,0,0,0,0,0,0
2024-25,2024-25:1610612760:1610612763,0042400144,2025-04-26,away,OKC,MEM,1,0.6661,0.667223,0.637533,0.0,0.0,0.0,0.0,0.0,0.0,0,0,0,0,0,0
2024-25,2024-25:1610612744:1610612745,0042400153,2025-04-26,home,GSW,HOU,1,0.5465,0.469603,0.644133,0.0,0.0,0.0,0.0,0.0,0.0,0,0,0,0,0,0
2024-25,2024-25:1610612744:1610612745,0042400153,2025-04-26,away,HOU,GSW,0,0.4535,0.530397,0.355867,0.0,0.0,0.0,0.0,0.0,0.0,0,0,0,0,0,0
2024-25,2024-25:1610612743:1610612746,0042400174,2025-04-26,home,LAC,DEN,0,0.5751,0.523895,0.578571,0.0,0.0,0.0,0.0,0.0,0.0,0,0,0,0,0,0
2024-25,2024-25:1610612743:1610612746,0042400174,2025-04-26,away,DEN,LAC,1,0.4249,0.476105,0.421429,0.0,0.0,0.0,0.0,0.0,0.0,0,0,0,0,0,0
2024-25,2024-25:1610612738:1610612753,0042400114,2025-04-27,home,ORL,BOS,0,0.2712,0.302635,0.316189,0.0,0.0,0.0,0.0,0.0,0.0,0,0,0,0,0,0
2024-25,2024-25:1610612738:1610612753,0042400114,2025-04-27,away,BOS,ORL,1,0.7288,0.697365,0.683811,0.0,0.0,0.0,0.0,0.0,0.0,0,0,0,0,0,0
2024-25,2024-25:1610612752:1610612765,0042400124,2025-04-27,home,DET,NYK,0,0.5168,0.458789,0.557043,0.0,0.0,0.0,0.0,0.0,0.0,0,0,0,0,0,0
2024-25,2024-25:1610612752:1610612765,0042400124,2025-04-27,away,NYK,DET,1,0.4832,0.541211,0.442957,0.0,0.0,0.0,0.0,0.0,0.0,0,0,0,0,0,0
2024-25,2024-25:1610612749:1610612754,0042400134,2025-04-27,home,MIL,IND,0,0.593,0.506521,0.527605,0.0,0.0,0.0,0.0,0.0,0.0,0,0,0,0,0,0
2024-25,2024-25:1610612749:1610612754,0042400134,2025-04-27,away,IND,MIL,1,0.407,0.493479,0.472395,0.0,0.0,0.0,0.0,0.0,0.0,0,0,0,0,0,0
2024-25,2024-25:1610612747:1610612750,0042400164,2025-04-27,home,MIN,LAL,1,0.6849,0.581865,0.691154,0.0,0.0,0.0,0.0,0.0,0.0,0,0,0,0,0,0
2024-25,2024-25:1610612747:1610612750,0042400164,2025-04-27,away,LAL,MIN,0,0.3151,0.418135,0.308846,0.0,0.0,0.0,0.0,0.0,0.0,0,0,0,0,0,0
2024-25,2024-25:1610612739:1610612748,0042400104,2025-04-28,home,MIA,CLE,0,0.2139,0.317515,0.403598,0.0,0.0,0.0,0.0,0.0,0.0,0,0,0,0,0,0
2024-25,2024-25:1610612739:1610612748,0042400104,2025-04-28,away,CLE,MIA,1,0.7861,0.682485,0.596402,0.0,0.0,0.0,0.0,0.0,0.0,0,0,0,0,0,0
2024-25,2024-25:1610612744:1610612745,0042400154,2025-04-28,home,GSW,HOU,1,0.5636,0.469603,0.689325,0.0,0.0,0.0,0.0,0.0,0.0,0,0,0,0,0,0
2024-25,2024-25:1610612744:1610612745,0042400154,2025-04-28,away,HOU,GSW,0,0.4364,0.530397,0.310675,0.0,0.0,0.0,0.0,0.0,0.0,0,0,0,0,0,0
2024-25,2024-25:1610612738:1610612753,0042400115,2025-04-29,home,BOS,ORL,1,0.8536,0.697365,0.843871,0.0,0.0,0.0,0.0,0.0,0.0,0,0,0,0,0,0
2024-25,2024-25:1610612738:1610612753,0042400115,2025-04-29,away,ORL,BOS,0,0.1464,0.302635,0.156129,0.0,0.0,0.0,0.0,0.0,0.0,0,0,0,0,0,0
2024-25,2024-25:1610612752:1610612765,0042400125,2025-04-29,home,NYK,DET,0,0.6529,0.541211,0.656432,0.0,0.0,0.0,0.0,0.0,0.0,0,0,0,0,0,0
2024-25,2024-25:1610612752:1610612765,0042400125,2025-04-29,away,DET,NYK,1,0.3471,0.458789,0.343568,0.0,0.0,0.0,0.0,0.0,0.0,0,0,0,0,0,0
2024-25,2024-25:1610612749:1610612754,0042400135,2025-04-29,home,IND,MIL,1,0.6019,0.493479,0.738504,0.0,0.0,0.0,0.0,0.0,0.0,0,0,0,0,0,0
2024-25,2024-25:1610612749:1610612754,0042400135,2025-04-29,away,MIL,IND,0,0.3981,0.506521,0.261496,0.0,0.0,0.0,0.0,0.0,0.0,0,0,0,0,0,0
2024-25,2024-25:1610612743:1610612746,0042400175,2025-04-29,home,DEN,LAC,1,0.5817,0.476105,0.640558,0.0,0.0,0.0,0.0,0.0,0.0,0,0,0,0,0,0
2024-25,2024-25:1610612743:1610612746,0042400175,2025-04-29,away,LAC,DEN,0,0.4183,0.523895,0.359442,0.0,0.0,0.0,0.0,0.0,0.0,0,0,0,0,0,0
2024-25,2024-25:1610612744:1610612745,0042400155,2025-04-30,home,HOU,GSW,1,0.6082,0.530397,0.463119,0.0,0.0,0.0,0.0,0.0,0.0,0,0,0,0,0,0
2024-25,2024-25:1610612744:1610612745,0042400155,2025-04-30,away,GSW,HOU,0,0.3918,0.469603,0.536881,0.0,0.0,0.0,0.0,0.0,0.0,0,0,0,0,0,0
2024-25,2024-25:1610612747:1610612750,0042400165,2025-04-30,home,LAL,MIN,0,0.4615,0.418135,0.461137,0.0,0.0,0.0,0.0,0.0,0.0,0,0,0,0,0,0
2024-25,2024-25:1610612747:1610612750,0042400165,2025-04-30,away,MIN,LAL,1,0.5385,0.581865,0.538863,0.0,0.0,0.0,0.0,0.0,0.0,0,0,0,0,0,0
2024-25,2024-25:1610612752:1610612765,0042400126,2025-05-01,home,DET,NYK,0,0.5257,0.458789,0.576994,0.0,0.0,0.0,0.0,0.0,0.0,0,0,0,0,0,0
2024-25,2024-25:1610612752:1610612765,0042400126,2025-05-01,away,NYK,DET,1,0.4743,0.541211,0.423006,0.0,0.0,0.0,0.0,0.0,0.0,0,0,0,0,0,0
2024-25,2024-25:1610612743:1610612746,0042400176,2025-05-01,home,LAC,DEN,1,0.5714,0.523895,0.484021,0.0,0.0,0.0,0.0,0.0,0.0,0,0,0,0,0,0
2024-25,2024-25:1610612743:1610612746,0042400176,2025-05-01,away,DEN,LAC,0,0.4286,0.476105,0.515979,0.0,0.0,0.0,0.0,0.0,0.0,0,0,0,0,0,0
2024-25,2024-25:1610612744:1610612745,0042400156,2025-05-02,home,GSW,HOU,0,0.5444,0.469603,0.63492,0.0,0.0,0.0,0.0,0.0,0.0,0,0,0,0,0,0
2024-25,2024-25:1610612744:1610612745,0042400156,2025-05-02,away,HOU,GSW,1,0.4556,0.530397,0.36508,0.0,0.0,0.0,0.0,0.0,0.0,0,0,0,0,0,0
2024-25,2024-25:1610612743:1610612746,0042400177,2025-05-03,home,DEN,LAC,1,0.5855,0.476105,0.641318,0.0,0.0,0.0,0.0,0.0,0.0,0,0,0,0,0,0
2024-25,2024-25:1610612743:1610612746,0042400177,2025-05-03,away,LAC,DEN,0,0.4145,0.523895,0.358682,0.0,0.0,0.0,0.0,0.0,0.0,0,0,0,0,0,0
2024-25,2024-25:1610612744:1610612745,0042400157,2025-05-04,home,HOU,GSW,0,0.6406,0.530397,0.626255,0.0,0.0,0.0,0.0,0.0,0.0,0,0,0,0,0,0
2024-25,2024-25:1610612744:1610612745,0042400157,2025-05-04,away,GSW,HOU,1,0.3594,0.469603,0.373745,0.0,0.0,0.0,0.0,0.0,0.0,0,0,0,0,0,0
2024-25,2024-25:1610612739:1610612754,0042400201,2025-05-04,home,CLE,IND,0,0.8482,0.65652,0.619706,0.0,0.0,0.0,0.0,0.0,0.0,0,0,0,0,0,0
2024-25,2024-25:1610612739:1610612754,0042400201,2025-05-04,away,IND,CLE,1,0.1518,0.34348,0.380294,0.0,0.0,0.0,0.0,0.0,0.0,0,0,0,0,0,0
2024-25,2024-25:1610612738:1610612752,0042400211,2025-05-05,home,BOS,NYK,0,0.7545,0.629585,0.817161,0.0,0.0,0.0,0.0,0.0,0.0,0,0,0,0,0,0
2024-25,2024-25:1610612738:1610612752,0042400211,2025-05-05,away,NYK,BOS,1,0.2455,0.370415,0.182839,0.0,0.0,0.0,0.0,0.0,0.0,0,0,0,0,0,0
2024-25,2024-25:1610612743:1610612760,0042400221,2025-05-05,home,OKC,DEN,0,0.6947,0.720678,0.649876,0.0,0.0,0.0,0.0,0.0,0.0,0,0,0,0,0,0
2024-25,2024-25:1610612743:1610612760,0042400221,2025-05-05,away,DEN,OKC,1,0.3053,0.279322,0.350124,0.0,0.0,0.0,0.0,0.0,0.0,0,0,0,0,0,0
2024-25,2024-25:1610612739:1610612754,0042400202,2025-05-06,home,CLE,IND,0,0.8345,0.649625,0.53985,0.0,0.0,0.0,0.0,0.0,0.0,0,0,0,0,0,0
2024-25,2024-25:1610612739:1610612754,0042400202,2025-05-06,away,IND,CLE,1,0.1655,0.350375,0.46015,0.0,0.0,0.0,0.0,0.0,0.0,0,0,0,0,0,0
2024-25,2024-25:1610612744:1610612750,0042400231,2025-05-06,home,MIN,GSW,0,0.7684,0.56912,0.65946,0.0,0.0,0.0,0.0,0.0,0.0,0,0,0,0,0,0
2024-25,2024-25:1610612744:1610612750,0042400231,2025-05-06,away,GSW,MIN,1,0.2316,0.43088,0.34054,0.0,0.0,0.0,0.0,0.0,0.0,0,0,0,0,0,0
2024-25,2024-25:1610612738:1610612752,0042400212,2025-05-07,home,BOS,NYK,0,0.743,0.615281,0.774935,0.0,0.0,0.0,0.0,0.0,0.0,0,0,0,0,0,0
2024-25,2024-25:1610612738:1610612752,0042400212,2025-05-07,away,NYK,BOS,1,0.257,0.384719,0.225065,0.0,0.0,0.0,0.0,0.0,0.0,0,0,0,0,0,0
2024-25,2024-25:1610612743:1610612760,0042400222,2025-05-07,home,OKC,DEN,1,0.6573,0.684367,0.611613,0.0,0.0,0.0,0.0,0.0,0.0,0,0,0,0,0,0
2024-25,2024-25:1610612743:1610612760,0042400222,2025-05-07,away,DEN,OKC,0,0.3427,0.315633,0.388387,0.0,0.0,0.0,0.0,0.0,0.0,0,0,0,0,0,0
2024-25,2024-25:1610612744:1610612750,0042400232,2025-05-08,home,MIN,GSW,1,0.7262,0.539051,0.57042,0.0,0.0,0.0,0.0,0.0,0.0,0,0,0,0,0,0
2024-25,2024-25:1610612744:1610612750,0042400232,2025-05-08,away,GSW,MIN,0,0.2738,0.460949,0.42958,0.0,0.0,0.0,0.0,0.0,0.0,0,0,0,0,0,0
2024-25,2024-25:1610612739:1610612754,0042400203,2025-05-09,home,IND,CLE,0,0.2765,0.350375,0.671043,0.0,0.0,0.0,0.0,0.0,0.0,0,0,0,0,0,0
2024-25,2024-25:1610612739:1610612754,0042400203,2025-05-09,away,CLE,IND,1,0.7235,0.649625,0.328957,0.0,0.0,0.0,0.0,0.0,0.0,0,0,0,0,0,0
2024-25,2024-25:1610612743:1610612760,0042400223,2025-05-09,home,DEN,OKC,1,0.4348,0.315633,0.488958,0.0,0.0,0.0,0.0,0.0,0.0,0,0,0,0,0,0
2024-25,2024-25:1610612743:1610612760,0042400223,2025-05-09,away,OKC,DEN,0,0.5652,0.684367,0.511042,0.0,0.0,0.0,0.0,0.0,0.0,0,0,0,0,0,0
2024-25,2024-25:1610612738:1610612752,0042400213,2025-05-10,home,NYK,BOS,0,0.4155,0.384719,0.423209,0.0,0.0,0.0,0.0,0.0,0.0,0,0,0,0,0,0
2024-25,2024-25:1610612738:1610612752,0042400213,2025-05-10,away,BOS,NYK,1,0.5845,0.615281,0.576791,0.0,0.0,0.0,0.0,0.0,0.0,0,0,0,0,0,0
2024-25,2024-25:1610612744:1610612750,0042400233,2025-05-10,home,GSW,MIN,0,0.4068,0.460949,0.53653,0.0,0.0,0.0,0.0,0.0,0.0,0,0,0,0,0,0
2024-25,2024-25:1610612744:1610612750,0042400233,2025-05-10,away,MIN,GSW,1,0.5932,0.539051,0.46347,0.0,0.0,0.0,0.0,0.0,0.0,0,0,0,0,0,0
2024-25,2024-25:1610612739:1610612754,0042400204,2025-05-11,home,IND,CLE,1,0.2606,0.350375,0.55686,0.0,0.0,0.0,0.0,0.0,0.0,0,0,0,0,0,0
2024-25,2024-25:1610612739:1610612754,0042400204,2025-05-11,away,CLE,IND,0,0.7394,0.649625,0.44314,0.0,0.0,0.0,0.0,0.0,0.0,0,0,0,0,0,0
2024-25,2024-25:1610612743:1610612760,0042400224,2025-05-11,home,DEN,OKC,0,0.4494,0.315633,0.556451,0.0,0.0,0.0,0.0,0.0,0.0,0,0,0,0,0,0
2024-25,2024-25:1610612743:1610612760,0042400224,2025-05-11,away,OKC,DEN,1,0.5506,0.684367,0.443549,0.0,0.0,0.0,0.0,0.0,0.0,0,0,0,0,0,0
2024-25,2024-25:1610612738:1610612752,0042400214,2025-05-12,home,NYK,BOS,1,0.4196,0.384719,0.350883,0.0,0.0,0.0,0.0,0.0,0.0,0,0,0,0,0,0
2024-25,2024-25:1610612738:1610612752,0042400214,2025-05-12,away,BOS,NYK,0,0.5804,0.615281,0.649117,0.0,0.0,0.0,0.0,0.0,0.0,0,0,0,0,0,0
2024-25,2024-25:1610612744:1610612750,0042400234,2025-05-12,home,GSW,MIN,0,0.4074,0.460949,0.481266,0.0,0.0,0.0,0.0,0.0,0.0,0,0,0,0,0,0
2024-25,2024-25:1610612744:1610612750,0042400234,2025-05-12,away,MIN,GSW,1,0.5926,0.539051,0.518734,0.0,0.0,0.0,0.0,0.0,0.0,0,0,0,0,0,0
2024-25,2024-25:1610612739:1610612754,0042400205,2025-05-13,home,CLE,IND,0,0.8312,0.649625,0.552124,0.0,0.0,0.0,0.0,0.0,0.0,0,0,0,0,0,0
2024-25,2024-25:1610612739:1610612754,0042400205,2025-05-13,away,IND,CLE,1,0.1688,0.350375,0.447876,0.0,0.0,0.0,0.0,0.0,0.0,0,0,0,0,0,0
2024-25,2024-25:1610612743:1610612760,0042400225,2025-05-13,home,OKC,DEN,1,0.7044,0.684367,0.679427,0.0,0.0,0.0,0.0,0.0,0.0,0,0,0,0,0,0
2024-25,2024-25:1610612743:1610612760,0042400225,2025-05-13,away,DEN,OKC,0,0.2956,0.315633,0.320573,0.0,0.0,0.0,0.0,0.0,0.0,0,0,0,0,0,0
2024-25,2024-25:1610612738:1610612752,0042400215,2025-05-14,home,BOS,NYK,1,0.7217,0.615281,0.737902,0.0,0.0,0.0,0.0,0.0,0.0,0,0,0,0,0,0
2024-25,2024-25:1610612738:1610612752,0042400215,2025-05-14,away,NYK,BOS,0,0.2783,0.384719,0.262098,0.0,0.0,0.0,0.0,0.0,0.0,0,0,0,0,0,0
2024-25,2024-25:1610612744:1610612750,0042400235,2025-05-14,home,MIN,GSW,1,0.7314,0.539051,0.741494,0.0,0.0,0.0,0.0,0.0,0.0,0,0,0,0,0,0
2024-25,2024-25:1610612744:1610612750,0042400235,2025-05-14,away,GSW,MIN,0,0.2686,0.460949,0.258506,0.0,0.0,0.0,0.0,0.0,0.0,0,0,0,0,0,0
2024-25,2024-25:1610612743:1610612760,0042400226,2025-05-15,home,DEN,OKC,1,0.4614,0.315633,0.461006,0.0,0.0,0.0,0.0,0.0,0.0,0,0,0,0,0,0
2024-25,2024-25:1610612743:1610612760,0042400226,2025-05-15,away,OKC,DEN,0,0.5386,0.684367,0.538994,0.0,0.0,0.0,0.0,0.0,0.0,0,0,0,0,0,0
2024-25,2024-25:1610612738:1610612752,0042400216,2025-05-16,home,NYK,BOS,1,0.4087,0.384719,0.381454,0.0,0.0,0.0,0.0,0.0,0.0,0,0,0,0,0,0
2024-25,2024-25:1610612738:1610612752,0042400216,2025-05-16,away,BOS,NYK,0,0.5913,0.615281,0.618546,0.0,0.0,0.0,0.0,0.0,0.0,0,0,0,0,0,0
2024-25,2024-25:1610612743:1610612760,0042400227,2025-05-18,home,OKC,DEN,1,0.672,0.684367,0.642517,0.0,0.0,0.0,0.0,0.0,0.0,0,0,0,0,0,0
2024-25,2024-25:1610612743:1610612760,0042400227,2025-05-18,away,DEN,OKC,0,0.328,0.315633,0.357483,0.0,0.0,0.0,0.0,0.0,0.0,0,0,0,0,0,0
2024-25,2024-25:1610612750:1610612760,0042400311,2025-05-20,home,OKC,MIN,1,0.6354,0.633631,0.557275,0.0,0.0,0.0,0.0,0.0,0.0,0,0,0,0,0,0
2024-25,2024-25:1610612750:1610612760,0042400311,2025-05-20,away,MIN,OKC,0,0.3646,0.366369,0.442725,0.0,0.0,0.0,0.0,0.0,0.0,0,0,0,0,0,0
2024-25,2024-25:1610612752:1610612754,0042400301,2025-05-21,home,NYK,IND,0,0.6438,0.51847,0.543179,0.0,0.0,0.0,0.0,0.0,0.0,0,0,0,0,0,0
2024-25,2024-25:1610612752:1610612754,0042400301,2025-05-21,away,IND,NYK,1,0.3562,0.48153,0.456821,0.0,0.0,0.0,0.0,0.0,0.0,0,0,0,0,0,0
2024-25,2024-25:1610612750:1610612760,0042400312,2025-05-22,home,OKC,MIN,1,0.689,0.661406,0.637861,0.0,0.0,0.0,0.0,0.0,0.0,0,0,0,0,0,0
2024-25,2024-25:1610612750:1610612760,0042400312,2025-05-22,away,MIN,OKC,0,0.311,0.338594,0.362139,0.0,0.0,0.0,0.0,0.0,0.0,0,0,0,0,0,0
2024-25,2024-25:1610612752:1610612754,0042400302,2025-05-23,home,NYK,IND,0,0.6545,0.541211,0.49994,0.0,0.0,0.0,0.0,0.0,0.0,0,0,0,0,0,0
2024-25,2024-25:1610612752:1610612754,0042400302,2025-05-23,away,IND,NYK,1,0.3455,0.458789,0.50006,0.0,0.0,0.0,0.0,0.0,0.0,0,0,0,0,0,0
2024-25,2024-25:1610612750:1610612760,0042400313,2025-05-24,home,MIN,OKC,1,0.4732,0.338594,0.487766,0.0,0.0,0.0,0.0,0.0,0.0,0,0,0,0,0,0
2024-25,2024-25:1610612750:1610612760,0042400313,2025-05-24,away,OKC,MIN,0,0.5268,0.661406,0.512234,0.0,0.0,0.0,0.0,0.0,0.0,0,0,0,0,0,0
2024-25,2024-25:1610612752:1610612754,0042400303,2025-05-25,home,IND,NYK,0,0.5295,0.458789,0.722087,0.0,0.0,0.0,0.0,0.0,0.0,0,0,0,0,0,0
2024-25,2024-25:1610612752:1610612754,0042400303,2025-05-25,away,NYK,IND,1,0.4705,0.541211,0.277913,0.0,0.0,0.0,0.0,0.0,0.0,0,0,0,0,0,0
2024-25,2024-25:1610612750:1610612760,0042400314,2025-05-26,home,MIN,OKC,0,0.5095,0.338594,0.597407,0.0,0.0,0.0,0.0,0.0,0.0,0,0,0,0,0,0
2024-25,2024-25:1610612750:1610612760,0042400314,2025-05-26,away,OKC,MIN,1,0.4905,0.661406,0.402593,0.0,0.0,0.0,0.0,0.0,0.0,0,0,0,0,0,0
2024-25,2024-25:1610612752:1610612754,0042400304,2025-05-27,home,IND,NYK,1,0.5147,0.458789,0.652784,0.0,0.0,0.0,0.0,0.0,0.0,0,0,0,0,0,0
2024-25,2024-25:1610612752:1610612754,0042400304,2025-05-27,away,NYK,IND,0,0.4853,0.541211,0.347216,0.0,0.0,0.0,0.0,0.0,0.0,0,0,0,0,0,0
2024-25,2024-25:1610612750:1610612760,0042400315,2025-05-28,home,OKC,MIN,1,0.6512,0.661406,0.623584,0.0,0.0,0.0,0.0,0.0,0.0,0,0,0,0,0,0
2024-25,2024-25:1610612750:1610612760,0042400315,2025-05-28,away,MIN,OKC,0,0.3488,0.338594,0.376416,0.0,0.0,0.0,0.0,0.0,0.0,0,0,0,0,0,0
2024-25,2024-25:1610612752:1610612754,0042400305,2025-05-29,home,NYK,IND,1,0.6328,0.541211,0.483244,0.0,0.0,0.0,0.0,0.0,0.0,0,0,0,0,0,0
2024-25,2024-25:1610612752:1610612754,0042400305,2025-05-29,away,IND,NYK,0,0.3672,0.458789,0.516756,0.0,0.0,0.0,0.0,0.0,0.0,0,0,0,0,0,0
2024-25,2024-25:1610612752:1610612754,0042400306,2025-05-31,home,IND,NYK,1,0.5185,0.458789,0.615732,0.0,0.0,0.0,0.0,0.0,0.0,0,0,0,0,0,0
2024-25,2024-25:1610612752:1610612754,0042400306,2025-05-31,away,NYK,IND,0,0.4815,0.541211,0.384268,0.0,0.0,0.0,0.0,0.0,0.0,0,0,0,0,0,0
2024-25,2024-25:1610612754:1610612760,0042400401,2025-06-05,home,OKC,IND,0,0.7555,0.733615,0.652716,0.0,0.0,0.0,0.0,0.0,0.0,0,0,0,0,0,0
2024-25,2024-25:1610612754:1610612760,0042400401,2025-06-05,away,IND,OKC,1,0.2445,0.266385,0.347284,0.0,0.0,0.0,0.0,0.0,0.0,0,0,0,0,0,0
2024-25,2024-25:1610612754:1610612760,0042400402,2025-06-08,home,OKC,IND,1,0.7527,0.715396,0.617915,0.0,0.0,0.0,0.0,0.0,0.0,0,0,0,0,0,0
2024-25,2024-25:1610612754:1610612760,0042400402,2025-06-08,away,IND,OKC,0,0.2473,0.284604,0.382085,0.0,0.0,0.0,0.0,0.0,0.0,0,0,0,0,0,0
2024-25,2024-25:1610612754:1610612760,0042400403,2025-06-11,home,IND,OKC,1,0.3783,0.284604,0.504593,0.0,0.0,0.0,0.0,0.0,0.0,0,0,0,0,0,0
2024-25,2024-25:1610612754:1610612760,0042400403,2025-06-11,away,OKC,IND,0,0.6217,0.715396,0.495407,0.0,0.0,0.0,0.0,0.0,0.0,0,0,0,0,0,0
2024-25,2024-25:1610612754:1610612760,0042400404,2025-06-13,home,IND,OKC,0,0.4091,0.284604,0.569799,0.0,0.0,0.0,0.0,0.0,0.0,0,0,0,0,0,0
2024-25,2024-25:1610612754:1610612760,0042400404,2025-06-13,away,OKC,IND,1,0.5909,0.715396,0.430201,0.0,0.0,0.0,0.0,0.0,0.0,0,0,0,0,0,0
2024-25,2024-25:1610612754:1610612760,0042400405,2025-06-16,home,OKC,IND,1,0.7481,0.715396,0.677025,0.0,0.0,0.0,0.0,0.0,0.0,0,0,0,0,0,0
2024-25,2024-25:1610612754:1610612760,0042400405,2025-06-16,away,IND,OKC,0,0.2519,0.284604,0.322975,0.0,0.0,0.0,0.0,0.0,0.0,0,0,0,0,0,0
2024-25,2024-25:1610612754:1610612760,0042400406,2025-06-19,home,IND,OKC,1,0.3904,0.284604,0.455967,0.0,0.0,0.0,0.0,0.0,0.0,0,0,0,0,0,0
2024-25,2024-25:1610612754:1610612760,0042400406,2025-06-19,away,OKC,IND,0,0.6096,0.715396,0.544033,0.0,0.0,0.0,0.0,0.0,0.0,0,0,0,0,0,0
2024-25,2024-25:1610612754:1610612760,0042400407,2025-06-22,home,OKC,IND,1,0.7405,0.715396,0.637114,0.0,0.0,0.0,0.0,0.0,0.0,0,0,0,0,0,0
2024-25,2024-25:1610612754:1610612760,0042400407,2025-06-22,away,IND,OKC,0,0.2595,0.284604,0.362886,0.0,0.0,0.0,0.0,0.0,0.0,0,0,0,0,0,0
